"recording_id","recording_file_type","recording_file_size","recording_audio_length","recording_file_path","recording_comments","recording_date","recording_insert_date","recording_source_file_path","recording_channels","recording_location_id","recording_uuid","recording_storage_id","recording_sample_freq","recording_bit_rate","recording_use_jpg_spectrogram","recording_has_noise_profile","recording_is_triggered","recording_new_storage_id","recording_origin_project_id","location","organization_id","url"
5725954,"flac",58451617,600,NA,NA,2025-06-15 05:26:00,2026-09-14 22:49:40.033143,"/tmp/0a2b08e6-1965-49ff-92af-7e68b6d490dc/FIDDLE-PHENO_20250615_052600.wav",2,584132,"c62048e3-ee83-419a-8099-f66738ea519e",5,48000,"1.54M",TRUE,FALSE,FALSE,NA,NA,"Fiddle-Pheno",5344,"https://prod.wildtrax.ca/media/aru/c6/20/48/e3-ee83-419a-8099-f66738ea519e/5725954.flac"
5725964,"flac",29054919,300,NA,NA,2025-06-18 05:56:00,2026-09-14 22:51:09.880915,"/tmp/4ff8e14c-1aef-4758-8383-051e822d3139/FIDDLE-PHENO_20250618_055600.wav",2,584132,"9d6573e7-2c28-4493-bacb-206f3bcd8be0",5,48000,"1.54M",TRUE,FALSE,FALSE,NA,NA,"Fiddle-Pheno",5344,"https://prod.wildtrax.ca/media/aru/9d/65/73/e7-2c28-4493-bacb-206f3bcd8be0/5725964.flac"
5725970,"flac",59191572,600,NA,NA,2025-06-20 05:27:00,2026-09-14 22:52:10.403107,"/tmp/3d01cb4c-d946-4fbe-9d0b-7eed6fab1870/FIDDLE-PHENO_20250620_052700.wav",2,584132,"757dd211-4cf1-417d-9c56-437a4d291348",5,48000,"1.54M",TRUE,FALSE,FALSE,NA,NA,"Fiddle-Pheno",5344,"https://prod.wildtrax.ca/media/aru/75/7d/d2/11-4cf1-417d-9c56-437a4d291348/5725970.flac"
5725956,"flac",29246010,300,NA,NA,2025-06-15 05:56:00,2026-09-14 22:49:47.65607,"/tmp/8051b31e-a87f-4aa6-826d-ebb27967787f/FIDDLE-PHENO_20250615_055600.wav",2,584132,"fa0a17c1-db98-450b-ac57-bca650e7172b",5,48000,"1.54M",TRUE,FALSE,FALSE,NA,NA,"Fiddle-Pheno",5344,"https://prod.wildtrax.ca/media/aru/fa/0a/17/c1-db98-450b-ac57-bca650e7172b/5725956.flac"
5725967,"flac",29730093,300,NA,NA,2025-06-20 04:57:00,2026-09-14 22:51:50.096333,"/tmp/e65dde65-ae96-4dc1-b0fb-8feaaac92650/FIDDLE-PHENO_20250620_045700.wav",2,584132,"69893f2a-7900-48b8-a0d5-6072def45baa",5,48000,"1.54M",TRUE,FALSE,FALSE,NA,NA,"Fiddle-Pheno",5344,"https://prod.wildtrax.ca/media/aru/69/89/3f/2a-7900-48b8-a0d5-6072def45baa/5725967.flac"
5725974,"flac",29612691,300,NA,NA,2025-06-21 05:57:00,2026-09-14 22:52:48.361473,"/tmp/aedab3a7-39bc-44d2-b8b2-e90261122f0e/FIDDLE-PHENO_20250621_055700.wav",2,584132,"5e37bd47-60f3-4959-95d5-6fc5d8a1148e",5,48000,"1.54M",TRUE,FALSE,FALSE,NA,NA,"Fiddle-Pheno",5344,"https://prod.wildtrax.ca/media/aru/5e/37/bd/47-60f3-4959-95d5-6fc5d8a1148e/5725974.flac"
5725984,"flac",29715148,300,NA,NA,2025-06-25 05:58:00,2026-09-14 22:54:47.070046,"/tmp/51e61e97-9286-4826-975c-4c7fcd7e68df/FIDDLE-PHENO_20250625_055800.wav",2,584132,"e23f4a63-d47e-4d96-9a43-1e3bac220174",5,48000,"1.54M",TRUE,FALSE,FALSE,NA,NA,"Fiddle-Pheno",5344,"https://prod.wildtrax.ca/media/aru/e2/3f/4a/63-d47e-4d96-9a43-1e3bac220174/5725984.flac"
5725996,"flac",57315973,600,NA,NA,2025-06-28 05:30:00,2026-09-14 22:56:39.425906,"/tmp/4f888ee2-4e6f-437e-ab49-1ddc7a1a0d8c/FIDDLE-PHENO_20250628_053000.wav",2,584132,"7edbf6af-56d9-4de8-b030-e5efd98d010a",5,48000,"1.54M",TRUE,FALSE,FALSE,NA,NA,"Fiddle-Pheno",5344,"https://prod.wildtrax.ca/media/aru/7e/db/f6/af-56d9-4de8-b030-e5efd98d010a/5725996.flac"
5726001,"flac",29341199,300,NA,NA,2025-07-01 05:02:00,2026-09-14 22:57:23.828431,"/tmp/32033212-4499-4a12-b78f-05fbe9bc6c86/FIDDLE-PHENO_20250701_050200.wav",2,584132,"2f215488-d51b-4992-9dd9-74b006c3dee9",5,48000,"1.54M",TRUE,FALSE,FALSE,NA,NA,"Fiddle-Pheno",5344,"https://prod.wildtrax.ca/media/aru/2f/21/54/88-d51b-4992-9dd9-74b006c3dee9/5726001.flac"
5726006,"flac",57954404,600,NA,NA,2025-07-02 05:32:00,2026-09-14 22:58:22.389692,"/tmp/827d2941-1ad9-471f-ad22-3368b92b8747/FIDDLE-PHENO_20250702_053200.wav",2,584132,"da83237b-f6b7-4501-aeb3-2cfb43000da3",5,48000,"1.54M",TRUE,FALSE,FALSE,NA,NA,"Fiddle-Pheno",5344,"https://prod.wildtrax.ca/media/aru/da/83/23/7b-f6b7-4501-aeb3-2cfb43000da3/5726006.flac"
5726008,"flac",29950515,300,NA,NA,2025-07-03 06:03:00,2026-09-14 22:58:32.96389,"/tmp/6b1c6ffd-bfac-4155-8f1e-2eeae38784c6/FIDDLE-PHENO_20250703_060300.wav",2,584132,"a33a402d-655b-4ec2-8aa8-0833e416bc48",5,48000,"1.54M",TRUE,FALSE,FALSE,NA,NA,"Fiddle-Pheno",5344,"https://prod.wildtrax.ca/media/aru/a3/3a/40/2d-655b-4ec2-8aa8-0833e416bc48/5726008.flac"
5725957,"flac",29116806,300,NA,NA,2025-06-16 05:56:00,2026-09-14 22:49:59.552494,"/tmp/8b223ea8-c3b4-4708-b207-f673d2f4ecea/FIDDLE-PHENO_20250616_055600.wav",2,584132,"58498ea1-271c-419b-8a7b-0e0e0a88c822",5,48000,"1.54M",TRUE,FALSE,FALSE,NA,NA,"Fiddle-Pheno",5344,"https://prod.wildtrax.ca/media/aru/58/49/8e/a1-271c-419b-8a7b-0e0e0a88c822/5725957.flac"
5725982,"flac",29968677,300,NA,NA,2025-06-25 04:58:00,2026-09-14 22:54:17.652878,"/tmp/91c1fdcc-725e-4453-bcd7-29875ffa9bcd/FIDDLE-PHENO_20250625_045800.wav",2,584132,"376252ea-3654-435a-aba6-5b25f59dee0b",5,48000,"1.54M",TRUE,FALSE,FALSE,NA,NA,"Fiddle-Pheno",5344,"https://prod.wildtrax.ca/media/aru/37/62/52/ea-3654-435a-aba6-5b25f59dee0b/5725982.flac"
5726003,"flac",28900216,300,NA,NA,2025-07-01 06:02:00,2026-09-14 22:57:48.299604,"/tmp/0e4ad385-558e-457e-ad7c-91a060bddecd/FIDDLE-PHENO_20250701_060200.wav",2,584132,"6d5c6e48-efb2-4601-bb65-5d6aceb87c2d",5,48000,"1.54M",TRUE,FALSE,FALSE,NA,NA,"Fiddle-Pheno",5344,"https://prod.wildtrax.ca/media/aru/6d/5c/6e/48-efb2-4601-bb65-5d6aceb87c2d/5726003.flac"
5725965,"flac",57936791,600,NA,NA,2025-06-18 05:26:00,2026-09-14 22:51:13.169079,"/tmp/97f8d354-25aa-4f21-9b7d-4719e0521ffe/FIDDLE-PHENO_20250618_052600.wav",2,584132,"59ed7b73-2440-4b69-8b86-1995d49095c6",5,48000,"1.54M",TRUE,FALSE,FALSE,NA,NA,"Fiddle-Pheno",5344,"https://prod.wildtrax.ca/media/aru/59/ed/7b/73-2440-4b69-8b86-1995d49095c6/5725965.flac"
5725966,"flac",29361037,300,NA,NA,2025-06-19 05:56:00,2026-09-14 22:51:30.969597,"/tmp/0ab04e3a-2cd3-402f-8b95-c002a5e2b175/FIDDLE-PHENO_20250619_055600.wav",2,584132,"8192b2b6-f564-4c8e-8bc7-131fee5d8b79",5,48000,"1.54M",TRUE,FALSE,FALSE,NA,NA,"Fiddle-Pheno",5344,"https://prod.wildtrax.ca/media/aru/81/92/b2/b6-f564-4c8e-8bc7-131fee5d8b79/5725966.flac"
5725988,"flac",29459160,300,NA,NA,2025-06-27 04:59:00,2026-09-14 22:55:12.523799,"/tmp/fcd46b91-1a0c-4c53-a54b-f476b6d9767f/FIDDLE-PHENO_20250627_045900.wav",2,584132,"44357016-d8d0-4230-954b-347e5fb9c9a9",5,48000,"1.54M",TRUE,FALSE,FALSE,NA,NA,"Fiddle-Pheno",5344,"https://prod.wildtrax.ca/media/aru/44/35/70/16-d8d0-4230-954b-347e5fb9c9a9/5725988.flac"
5725997,"flac",57033947,600,NA,NA,2025-06-29 05:30:00,2026-09-14 22:56:51.887142,"/tmp/4a3187af-98d0-4562-aef1-ee4100cda91c/FIDDLE-PHENO_20250629_053000.wav",2,584132,"88ad7c49-d4dc-4124-b627-688c4b6d9108",5,48000,"1.54M",TRUE,FALSE,FALSE,NA,NA,"Fiddle-Pheno",5344,"https://prod.wildtrax.ca/media/aru/88/ad/7c/49-d4dc-4124-b627-688c4b6d9108/5725997.flac"
5725971,"flac",58598273,600,NA,NA,2025-06-21 05:27:00,2026-09-14 22:52:27.1443,"/tmp/033273ec-3cc6-47a1-9965-396c4b0dab81/FIDDLE-PHENO_20250621_052700.wav",2,584132,"f4a2b5de-1d72-4629-874a-4a0b1d28d00e",5,48000,"1.54M",TRUE,FALSE,FALSE,NA,NA,"Fiddle-Pheno",5344,"https://prod.wildtrax.ca/media/aru/f4/a2/b5/de-1d72-4629-874a-4a0b1d28d00e/5725971.flac"
5725976,"flac",30138724,300,NA,NA,2025-06-23 04:57:00,2026-09-14 22:53:19.957084,"/tmp/4dce996f-97c2-4508-909d-79908e001a52/FIDDLE-PHENO_20250623_045700.wav",2,584132,"0c739631-7aef-48af-a9d6-00d575ef7ff0",5,48000,"1.54M",TRUE,FALSE,FALSE,NA,NA,"Fiddle-Pheno",5344,"https://prod.wildtrax.ca/media/aru/0c/73/96/31-7aef-48af-a9d6-00d575ef7ff0/5725976.flac"
5725977,"flac",56338740,600,NA,NA,2025-06-22 05:27:00,2026-09-14 22:53:29.165085,"/tmp/4c33dbfa-278e-405a-93c4-210a5c2f10e3/FIDDLE-PHENO_20250622_052700.wav",2,584132,"81428c67-f7ae-4de8-a97a-bc561da97abe",5,48000,"1.54M",TRUE,FALSE,FALSE,NA,NA,"Fiddle-Pheno",5344,"https://prod.wildtrax.ca/media/aru/81/42/8c/67-f7ae-4de8-a97a-bc561da97abe/5725977.flac"
5725983,"flac",59607726,600,NA,NA,2025-06-24 05:28:00,2026-09-14 22:54:21.012248,"/tmp/e58e860a-9e10-48d1-9da9-94c80da90b79/FIDDLE-PHENO_20250624_052800.wav",2,584132,"39ffb2a1-9f4c-4492-9a5c-af7f0b58ddb4",5,48000,"1.54M",TRUE,FALSE,FALSE,NA,NA,"Fiddle-Pheno",5344,"https://prod.wildtrax.ca/media/aru/39/ff/b2/a1-9f4c-4492-9a5c-af7f0b58ddb4/5725983.flac"
5725986,"flac",59013725,600,NA,NA,2025-06-25 05:28:00,2026-09-14 22:55:01.850424,"/tmp/776aa46b-e7a4-4390-b9d0-45f78014aae5/FIDDLE-PHENO_20250625_052800.wav",2,584132,"f5f4ecc0-b37b-4e33-85bb-a5a77d3b7820",5,48000,"1.54M",TRUE,FALSE,FALSE,NA,NA,"Fiddle-Pheno",5344,"https://prod.wildtrax.ca/media/aru/f5/f4/ec/c0-b37b-4e33-85bb-a5a77d3b7820/5725986.flac"
5725987,"flac",59055000,600,NA,NA,2025-06-26 05:29:00,2026-09-14 22:55:08.505454,"/tmp/ee90ebd6-3c2b-4ebb-9f23-069f23c9027f/FIDDLE-PHENO_20250626_052900.wav",2,584132,"17a9bc55-f0a4-44ac-af74-1795ec2c4c1b",5,48000,"1.54M",TRUE,FALSE,FALSE,NA,NA,"Fiddle-Pheno",5344,"https://prod.wildtrax.ca/media/aru/17/a9/bc/55-f0a4-44ac-af74-1795ec2c4c1b/5725987.flac"
5725993,"flac",28951027,300,NA,NA,2025-06-28 06:00:00,2026-09-14 22:56:06.280847,"/tmp/57ac7e19-b06a-49e4-ad96-020f0a279059/FIDDLE-PHENO_20250628_060000.wav",2,584132,"ca3e137b-5559-4e42-8eee-06b79e930573",5,48000,"1.54M",TRUE,FALSE,FALSE,NA,NA,"Fiddle-Pheno",5344,"https://prod.wildtrax.ca/media/aru/ca/3e/13/7b-5559-4e42-8eee-06b79e930573/5725993.flac"
5725994,"flac",58510969,600,NA,NA,2025-06-27 05:29:00,2026-09-14 22:56:18.305282,"/tmp/0b7f3a94-f063-4a5d-991c-3f4131587672/FIDDLE-PHENO_20250627_052900.wav",2,584132,"635e38de-08ca-472d-bf5b-001820f44042",5,48000,"1.54M",TRUE,FALSE,FALSE,NA,NA,"Fiddle-Pheno",5344,"https://prod.wildtrax.ca/media/aru/63/5e/38/de-08ca-472d-bf5b-001820f44042/5725994.flac"
5726002,"flac",29010249,300,NA,NA,2025-07-02 05:02:00,2026-09-14 22:57:46.797427,"/tmp/60065c38-088e-4402-85d9-734d51ac1518/FIDDLE-PHENO_20250702_050200.wav",2,584132,"9150cf26-c3f0-473a-aa34-bd364057f63c",5,48000,"1.54M",TRUE,FALSE,FALSE,NA,NA,"Fiddle-Pheno",5344,"https://prod.wildtrax.ca/media/aru/91/50/cf/26-c3f0-473a-aa34-bd364057f63c/5726002.flac"
5726005,"flac",28917652,300,NA,NA,2025-07-02 06:02:00,2026-09-14 22:58:12.215012,"/tmp/ceca452e-15ff-4648-a02e-d5430468848b/FIDDLE-PHENO_20250702_060200.wav",2,584132,"3df31430-2220-40cc-956b-1421821341a8",5,48000,"1.54M",TRUE,FALSE,FALSE,NA,NA,"Fiddle-Pheno",5344,"https://prod.wildtrax.ca/media/aru/3d/f3/14/30-2220-40cc-956b-1421821341a8/5726005.flac"
5726007,"flac",30161982,300,NA,NA,2025-07-03 05:03:00,2026-09-14 22:58:23.831642,"/tmp/dedbc6d9-1f98-4d6d-93c5-0be3e0414a25/FIDDLE-PHENO_20250703_050300.wav",2,584132,"29a47ea2-5b2a-40e4-9c2f-a0411a8921bb",5,48000,"1.54M",TRUE,FALSE,FALSE,NA,NA,"Fiddle-Pheno",5344,"https://prod.wildtrax.ca/media/aru/29/a4/7e/a2-5b2a-40e4-9c2f-a0411a8921bb/5726007.flac"
5726009,"flac",29075989,300,NA,NA,2025-07-04 05:04:00,2026-09-14 22:58:52.166926,"/tmp/e37b8a81-05e4-4315-b4ff-e96c9b25ba98/FIDDLE-PHENO_20250704_050400.wav",2,584132,"d7fbe73b-e972-4876-bbd2-458258c9c134",5,48000,"1.54M",TRUE,FALSE,FALSE,NA,NA,"Fiddle-Pheno",5344,"https://prod.wildtrax.ca/media/aru/d7/fb/e7/3b-e972-4876-bbd2-458258c9c134/5726009.flac"
5726010,"flac",28548418,300,NA,NA,2025-07-04 06:04:00,2026-09-14 22:58:58.057319,"/tmp/6e1c5c40-d46e-460a-bac8-9e2c7ac1e877/FIDDLE-PHENO_20250704_060400.wav",2,584132,"69df9660-d99b-41e7-93c9-1f58adda3100",5,48000,"1.54M",TRUE,FALSE,FALSE,NA,NA,"Fiddle-Pheno",5344,"https://prod.wildtrax.ca/media/aru/69/df/96/60-d99b-41e7-93c9-1f58adda3100/5726010.flac"
5726011,"flac",28988650,300,NA,NA,2025-07-05 05:05:00,2026-09-14 22:59:15.201777,"/tmp/261ec237-17b9-47ca-81b0-d7e4efef2c80/FIDDLE-PHENO_20250705_050500.wav",2,584132,"2e3c5231-702c-45b1-a22d-299c53d6d1f4",5,48000,"1.54M",TRUE,FALSE,FALSE,NA,NA,"Fiddle-Pheno",5344,"https://prod.wildtrax.ca/media/aru/2e/3c/52/31-702c-45b1-a22d-299c53d6d1f4/5726011.flac"
5726012,"flac",57258807,600,NA,NA,2025-07-04 05:34:00,2026-09-14 22:59:17.091141,"/tmp/aff6b1b8-76d5-4e29-ba6e-389972be68d6/FIDDLE-PHENO_20250704_053400.wav",2,584132,"c1236ad6-d16b-48e0-961b-0f4dc5897600",5,48000,"1.54M",TRUE,FALSE,FALSE,NA,NA,"Fiddle-Pheno",5344,"https://prod.wildtrax.ca/media/aru/c1/23/6a/d6-d16b-48e0-961b-0f4dc5897600/5726012.flac"
5726013,"flac",59281777,600,NA,NA,2025-07-03 05:33:00,2026-09-14 22:59:22.642552,"/tmp/7a408d0c-0e84-40e2-9eaa-114277a9b594/FIDDLE-PHENO_20250703_053300.wav",2,584132,"370e8594-a9c6-46ab-906d-9f4439eb2068",5,48000,"1.54M",TRUE,FALSE,FALSE,NA,NA,"Fiddle-Pheno",5344,"https://prod.wildtrax.ca/media/aru/37/0e/85/94-a9c6-46ab-906d-9f4439eb2068/5726013.flac"
5726014,"flac",28647263,300,NA,NA,2025-07-05 06:05:00,2026-09-14 22:59:38.074514,"/tmp/b58b83cc-f0b7-4942-8591-821e30041fd4/FIDDLE-PHENO_20250705_060500.wav",2,584132,"476a183a-5d79-41ab-a013-30dbe646f3f4",5,48000,"1.54M",TRUE,FALSE,FALSE,NA,NA,"Fiddle-Pheno",5344,"https://prod.wildtrax.ca/media/aru/47/6a/18/3a-5d79-41ab-a013-30dbe646f3f4/5726014.flac"
5726015,"flac",29349100,300,NA,NA,2025-07-06 05:06:00,2026-09-14 22:59:47.114086,"/tmp/08f6de7b-ceec-4282-b393-9bd61a9ad1ff/FIDDLE-PHENO_20250706_050600.wav",2,584132,"361b3b16-56ce-4c5e-80c8-d9d73decf0e5",5,48000,"1.54M",TRUE,FALSE,FALSE,NA,NA,"Fiddle-Pheno",5344,"https://prod.wildtrax.ca/media/aru/36/1b/3b/16-56ce-4c5e-80c8-d9d73decf0e5/5726015.flac"
5726016,"flac",57581946,600,NA,NA,2025-07-05 05:35:00,2026-09-14 22:59:52.652087,"/tmp/738854ac-51cc-4883-b22c-28891aa2c685/FIDDLE-PHENO_20250705_053500.wav",2,584132,"a471ccbb-ad8d-4327-a2bc-0cd5638a8577",5,48000,"1.54M",TRUE,FALSE,FALSE,NA,NA,"Fiddle-Pheno",5344,"https://prod.wildtrax.ca/media/aru/a4/71/cc/bb-ad8d-4327-a2bc-0cd5638a8577/5726016.flac"
5726017,"flac",29048366,300,NA,NA,2025-07-06 06:06:00,2026-09-14 23:00:04.906881,"/tmp/bee6414a-3870-4645-8a87-194d5e81d623/FIDDLE-PHENO_20250706_060600.wav",2,584132,"221a0533-b145-4c0b-96c3-b055bda9f538",5,48000,"1.54M",TRUE,FALSE,FALSE,NA,NA,"Fiddle-Pheno",5344,"https://prod.wildtrax.ca/media/aru/22/1a/05/33-b145-4c0b-96c3-b055bda9f538/5726017.flac"
5726018,"flac",28711675,300,NA,NA,2025-07-07 06:07:00,2026-09-14 23:00:17.833424,"/tmp/05af3a12-51bc-40ae-9fa4-c123f4927e3c/FIDDLE-PHENO_20250707_060700.wav",2,584132,"d6ba1389-ca94-48be-8a8f-18d547062e37",5,48000,"1.54M",TRUE,FALSE,FALSE,NA,NA,"Fiddle-Pheno",5344,"https://prod.wildtrax.ca/media/aru/d6/ba/13/89-ca94-48be-8a8f-18d547062e37/5726018.flac"
5726019,"flac",28539133,300,NA,NA,2025-07-08 05:08:00,2026-09-14 23:00:33.714173,"/tmp/706ceb6b-17ec-4cd2-b2ba-b313ddcbf178/FIDDLE-PHENO_20250708_050800.wav",2,584132,"f64a6a01-5096-48e6-9fb7-a7026337be22",5,48000,"1.54M",TRUE,FALSE,FALSE,NA,NA,"Fiddle-Pheno",5344,"https://prod.wildtrax.ca/media/aru/f6/4a/6a/01-5096-48e6-9fb7-a7026337be22/5726019.flac"
5726020,"flac",29135998,300,NA,NA,2025-07-07 05:07:00,2026-09-14 23:00:37.584708,"/tmp/cf2cf0e4-e0b5-4f79-a584-43fe0481ca1f/FIDDLE-PHENO_20250707_050700.wav",2,584132,"33a038b2-740b-45be-8d8e-c57b96dda3e8",5,48000,"1.54M",TRUE,FALSE,FALSE,NA,NA,"Fiddle-Pheno",5344,"https://prod.wildtrax.ca/media/aru/33/a0/38/b2-740b-45be-8d8e-c57b96dda3e8/5726020.flac"
5726021,"flac",58884478,600,NA,NA,2025-07-06 05:36:00,2026-09-14 23:00:40.460887,"/tmp/c92a1a90-2735-40f2-86fc-34fd152f2c30/FIDDLE-PHENO_20250706_053600.wav",2,584132,"b157c399-59c9-4c0c-ac4d-6533f81ceac8",5,48000,"1.54M",TRUE,FALSE,FALSE,NA,NA,"Fiddle-Pheno",5344,"https://prod.wildtrax.ca/media/aru/b1/57/c3/99-59c9-4c0c-ac4d-6533f81ceac8/5726021.flac"
5726022,"flac",58211970,600,NA,NA,2025-07-07 05:37:00,2026-09-14 23:01:11.400348,"/tmp/917b6a41-e797-4cfc-bd2d-c96e7b83463e/FIDDLE-PHENO_20250707_053700.wav",2,584132,"80d8cb34-2a8f-4a27-b271-eff0ff803bec",5,48000,"1.54M",TRUE,FALSE,FALSE,NA,NA,"Fiddle-Pheno",5344,"https://prod.wildtrax.ca/media/aru/80/d8/cb/34-2a8f-4a27-b271-eff0ff803bec/5726022.flac"
5726023,"flac",55803604,600,NA,NA,2025-07-08 05:38:00,2026-09-14 23:01:12.243644,"/tmp/e7ed3689-06f8-4149-93f2-9f7ed7b96303/FIDDLE-PHENO_20250708_053800.wav",2,584132,"289993d0-1ccf-4c36-830b-7750c6f39d89",5,48000,"1.54M",TRUE,FALSE,FALSE,NA,NA,"Fiddle-Pheno",5344,"https://prod.wildtrax.ca/media/aru/28/99/93/d0-1ccf-4c36-830b-7750c6f39d89/5726023.flac"
5726024,"flac",27120579,300,NA,NA,2025-07-08 06:08:00,2026-09-14 23:01:14.477537,"/tmp/815592d5-1268-4d06-bf8b-d3dc53b1d920/FIDDLE-PHENO_20250708_060800.wav",2,584132,"3b2331f9-9a17-4289-88b6-2ab8fcacaa42",5,48000,"1.54M",TRUE,FALSE,FALSE,NA,NA,"Fiddle-Pheno",5344,"https://prod.wildtrax.ca/media/aru/3b/23/31/f9-9a17-4289-88b6-2ab8fcacaa42/5726024.flac"
5726025,"flac",28176154,300,NA,NA,2025-07-09 05:09:00,2026-09-14 23:01:15.44151,"/tmp/43d429af-dd6f-49ec-9a46-ca1432e60980/FIDDLE-PHENO_20250709_050900.wav",2,584132,"a45a6731-0d24-490d-9951-eab735730943",5,48000,"1.54M",TRUE,FALSE,FALSE,NA,NA,"Fiddle-Pheno",5344,"https://prod.wildtrax.ca/media/aru/a4/5a/67/31-0d24-490d-9951-eab735730943/5726025.flac"
5726026,"flac",29647668,300,NA,NA,2025-07-10 05:10:00,2026-09-14 23:01:41.472009,"/tmp/9d6efc7d-e567-45f5-bf23-e196247cd610/FIDDLE-PHENO_20250710_051000.wav",2,584132,"04274227-39c6-4975-9615-ec96194af9b4",5,48000,"1.54M",TRUE,FALSE,FALSE,NA,NA,"Fiddle-Pheno",5344,"https://prod.wildtrax.ca/media/aru/04/27/42/27-39c6-4975-9615-ec96194af9b4/5726026.flac"
5726027,"flac",27727727,300,NA,NA,2025-07-09 06:09:00,2026-09-14 23:01:46.392352,"/tmp/ec1143dd-c387-4e6c-9078-45d5ddbbaa11/FIDDLE-PHENO_20250709_060900.wav",2,584132,"9a8aac0e-6b6a-4b3f-9e8c-d78edc49811e",5,48000,"1.54M",TRUE,FALSE,FALSE,NA,NA,"Fiddle-Pheno",5344,"https://prod.wildtrax.ca/media/aru/9a/8a/ac/0e-6b6a-4b3f-9e8c-d78edc49811e/5726027.flac"
5726028,"flac",53373507,600,NA,NA,2025-07-09 05:39:00,2026-09-14 23:02:02.263331,"/tmp/c82e84ed-b21d-413c-826f-8e5a1036aa90/FIDDLE-PHENO_20250709_053900.wav",2,584132,"1cdbf119-3f20-4939-b607-61ef03faab9f",5,48000,"1.54M",TRUE,FALSE,FALSE,NA,NA,"Fiddle-Pheno",5344,"https://prod.wildtrax.ca/media/aru/1c/db/f1/19-3f20-4939-b607-61ef03faab9f/5726028.flac"
5726029,"flac",28149168,300,NA,NA,2025-07-11 05:11:00,2026-09-14 23:02:07.355296,"/tmp/e6d45ded-4a01-4121-b2c9-c3d13dc31eaf/FIDDLE-PHENO_20250711_051100.wav",2,584132,"707c978d-7a0e-4f74-9e23-024b2a8f06ea",5,48000,"1.54M",TRUE,FALSE,FALSE,NA,NA,"Fiddle-Pheno",5344,"https://prod.wildtrax.ca/media/aru/70/7c/97/8d-7a0e-4f74-9e23-024b2a8f06ea/5726029.flac"
5726030,"flac",57073763,600,NA,NA,2025-07-10 05:40:00,2026-09-14 23:02:25.913508,"/tmp/8136177b-4612-4feb-b14b-37402c8ab219/FIDDLE-PHENO_20250710_054000.wav",2,584132,"ead98228-b820-4ca9-8899-d691572d6d8a",5,48000,"1.54M",TRUE,FALSE,FALSE,NA,NA,"Fiddle-Pheno",5344,"https://prod.wildtrax.ca/media/aru/ea/d9/82/28-b820-4ca9-8899-d691572d6d8a/5726030.flac"
5726031,"flac",28235332,300,NA,NA,2025-07-11 06:11:00,2026-09-14 23:02:29.117886,"/tmp/6dfe2ba5-7539-4bb5-9b35-fe04bf3d316e/FIDDLE-PHENO_20250711_061100.wav",2,584132,"91931170-e5e3-4d4e-b328-d1e71ae99529",5,48000,"1.54M",TRUE,FALSE,FALSE,NA,NA,"Fiddle-Pheno",5344,"https://prod.wildtrax.ca/media/aru/91/93/11/70-e5e3-4d4e-b328-d1e71ae99529/5726031.flac"
5726032,"flac",28754288,300,NA,NA,2025-07-10 06:10:00,2026-09-14 23:02:31.621419,"/tmp/474d7556-c5f0-4563-ab51-e981a9b6c131/FIDDLE-PHENO_20250710_061000.wav",2,584132,"9332bc52-472e-46ee-81f9-ca95b912fbc2",5,48000,"1.54M",TRUE,FALSE,FALSE,NA,NA,"Fiddle-Pheno",5344,"https://prod.wildtrax.ca/media/aru/93/32/bc/52-472e-46ee-81f9-ca95b912fbc2/5726032.flac"
5726033,"flac",28570818,300,NA,NA,2025-07-12 05:12:00,2026-09-14 23:02:56.928468,"/tmp/29827de3-cb33-4a79-80b0-08a14b311c0a/FIDDLE-PHENO_20250712_051200.wav",2,584132,"72593623-652f-4622-9423-b37ff31409e5",5,48000,"1.54M",TRUE,FALSE,FALSE,NA,NA,"Fiddle-Pheno",5344,"https://prod.wildtrax.ca/media/aru/72/59/36/23-652f-4622-9423-b37ff31409e5/5726033.flac"
5726034,"flac",55938525,600,NA,NA,2025-07-11 05:41:00,2026-09-14 23:02:58.664172,"/tmp/a2a429e0-1753-4a60-8f4c-02718d3d020c/FIDDLE-PHENO_20250711_054100.wav",2,584132,"34f5f38c-2906-4644-99a5-8fe717db6fdd",5,48000,"1.54M",TRUE,FALSE,FALSE,NA,NA,"Fiddle-Pheno",5344,"https://prod.wildtrax.ca/media/aru/34/f5/f3/8c-2906-4644-99a5-8fe717db6fdd/5726034.flac"
5726035,"flac",56106250,600,NA,NA,2025-07-12 05:42:00,2026-09-14 23:03:05.075873,"/tmp/072a672b-62ab-4893-8c50-4779b3434019/FIDDLE-PHENO_20250712_054200.wav",2,584132,"eb6f2b7b-de76-49ad-ae08-8a181dcf57f4",5,48000,"1.54M",TRUE,FALSE,FALSE,NA,NA,"Fiddle-Pheno",5344,"https://prod.wildtrax.ca/media/aru/eb/6f/2b/7b-de76-49ad-ae08-8a181dcf57f4/5726035.flac"
5726036,"flac",27569490,300,NA,NA,2025-07-12 06:12:00,2026-09-14 23:03:18.430951,"/tmp/7fe025cd-db61-463a-9f11-0f6dd724097d/FIDDLE-PHENO_20250712_061200.wav",2,584132,"61ab1a19-92bb-4186-bc1f-1bcb90556d00",5,48000,"1.54M",TRUE,FALSE,FALSE,NA,NA,"Fiddle-Pheno",5344,"https://prod.wildtrax.ca/media/aru/61/ab/1a/19-92bb-4186-bc1f-1bcb90556d00/5726036.flac"
5726037,"flac",28316595,300,NA,NA,2025-07-13 06:13:00,2026-09-14 23:03:29.719894,"/tmp/8d84b3f9-d01e-4764-b114-5efd3554b986/FIDDLE-PHENO_20250713_061300.wav",2,584132,"4116cdfd-09a5-473b-b72a-a23e65dda928",5,48000,"1.54M",TRUE,FALSE,FALSE,NA,NA,"Fiddle-Pheno",5344,"https://prod.wildtrax.ca/media/aru/41/16/cd/fd-09a5-473b-b72a-a23e65dda928/5726037.flac"
5726038,"flac",28360287,300,NA,NA,2025-07-13 05:13:00,2026-09-14 23:03:33.887532,"/tmp/035f657d-7d17-4ddf-899e-9460d2c14b7f/FIDDLE-PHENO_20250713_051300.wav",2,584132,"11d84499-5430-4e98-9ff5-6a0a7f6107da",5,48000,"1.54M",TRUE,FALSE,FALSE,NA,NA,"Fiddle-Pheno",5344,"https://prod.wildtrax.ca/media/aru/11/d8/44/99-5430-4e98-9ff5-6a0a7f6107da/5726038.flac"
5726039,"flac",28919312,300,NA,NA,2025-07-14 05:15:00,2026-09-14 23:03:49.588315,"/tmp/b2b32000-23d4-4199-9514-32a0dcb00b75/FIDDLE-PHENO_20250714_051500.wav",2,584132,"1692b4e3-710d-4cc6-94d0-190fb2d271c8",5,48000,"1.54M",TRUE,FALSE,FALSE,NA,NA,"Fiddle-Pheno",5344,"https://prod.wildtrax.ca/media/aru/16/92/b4/e3-710d-4cc6-94d0-190fb2d271c8/5726039.flac"
5726040,"flac",56362345,600,NA,NA,2025-07-13 05:43:00,2026-09-14 23:03:55.233015,"/tmp/8af098b2-a430-44f6-ae31-df2fb39cac97/FIDDLE-PHENO_20250713_054300.wav",2,584132,"899edb6d-5c4f-47d9-88b3-3f4640451beb",5,48000,"1.54M",TRUE,FALSE,FALSE,NA,NA,"Fiddle-Pheno",5344,"https://prod.wildtrax.ca/media/aru/89/9e/db/6d-5c4f-47d9-88b3-3f4640451beb/5726040.flac"
5726041,"flac",58012743,600,NA,NA,2025-07-14 05:45:00,2026-09-14 23:04:10.599197,"/tmp/38460ccd-9cf3-49df-9edd-3c6a957a8e29/FIDDLE-PHENO_20250714_054500.wav",2,584132,"23f0c69f-aedc-4614-ba1d-57c4956c2600",5,48000,"1.54M",TRUE,FALSE,FALSE,NA,NA,"Fiddle-Pheno",5344,"https://prod.wildtrax.ca/media/aru/23/f0/c6/9f-aedc-4614-ba1d-57c4956c2600/5726041.flac"
5726042,"flac",29180170,300,NA,NA,2025-07-14 06:15:00,2026-09-14 23:04:11.261848,"/tmp/6acc6b80-f746-44cf-b203-8e766cd12b1a/FIDDLE-PHENO_20250714_061500.wav",2,584132,"633c41f9-dd4e-4e4e-b55d-cf220ab8039d",5,48000,"1.54M",TRUE,FALSE,FALSE,NA,NA,"Fiddle-Pheno",5344,"https://prod.wildtrax.ca/media/aru/63/3c/41/f9-dd4e-4e4e-b55d-cf220ab8039d/5726042.flac"
5726043,"flac",29658566,300,NA,NA,2025-07-16 05:17:00,2026-09-14 23:04:29.643095,"/tmp/b2ae0f30-1570-4d44-9543-ac1e25ad039a/FIDDLE-PHENO_20250716_051700.wav",2,584132,"3e148305-55b4-4c49-bf5d-2bcd146a8b75",5,48000,"1.54M",TRUE,FALSE,FALSE,NA,NA,"Fiddle-Pheno",5344,"https://prod.wildtrax.ca/media/aru/3e/14/83/05-55b4-4c49-bf5d-2bcd146a8b75/5726043.flac"
5726044,"flac",30620242,300,NA,NA,2025-07-15 05:16:00,2026-09-14 23:04:35.82689,"/tmp/de402a47-2547-45e4-89df-c0c1a21e867c/FIDDLE-PHENO_20250715_051600.wav",2,584132,"90d924c1-f22c-4abe-a505-f1c55626ec3d",5,48000,"1.54M",TRUE,FALSE,FALSE,NA,NA,"Fiddle-Pheno",5344,"https://prod.wildtrax.ca/media/aru/90/d9/24/c1-f22c-4abe-a505-f1c55626ec3d/5726044.flac"
5726045,"flac",30555033,300,NA,NA,2025-07-15 06:16:00,2026-09-14 23:04:56.304895,"/tmp/a45ad1cc-4c21-4d8f-8ea7-368dc4767de0/FIDDLE-PHENO_20250715_061600.wav",2,584132,"a81fa5a7-382a-48d8-89bb-81ba50c22d5b",5,48000,"1.54M",TRUE,FALSE,FALSE,NA,NA,"Fiddle-Pheno",5344,"https://prod.wildtrax.ca/media/aru/a8/1f/a5/a7-382a-48d8-89bb-81ba50c22d5b/5726045.flac"
5726046,"flac",60820067,600,NA,NA,2025-07-15 05:46:00,2026-09-14 23:05:01.839697,"/tmp/6c24606c-7834-4524-b6f3-238741169497/FIDDLE-PHENO_20250715_054600.wav",2,584132,"8a168c59-d39a-4291-a919-f97a7e057335",5,48000,"1.54M",TRUE,FALSE,FALSE,NA,NA,"Fiddle-Pheno",5344,"https://prod.wildtrax.ca/media/aru/8a/16/8c/59-d39a-4291-a919-f97a7e057335/5726046.flac"
5726047,"flac",29399101,300,NA,NA,2025-07-16 06:17:00,2026-09-14 23:05:07.687478,"/tmp/ab654918-51fa-4a97-8b66-c2c284fb9f98/FIDDLE-PHENO_20250716_061700.wav",2,584132,"af9872aa-edf0-451f-b4ad-ded02066aeab",5,48000,"1.54M",TRUE,FALSE,FALSE,NA,NA,"Fiddle-Pheno",5344,"https://prod.wildtrax.ca/media/aru/af/98/72/aa-edf0-451f-b4ad-ded02066aeab/5726047.flac"
5726048,"flac",29134202,300,NA,NA,2025-07-17 05:19:00,2026-09-14 23:05:13.975213,"/tmp/b4576be9-3d43-4649-ad64-f46e494501bd/FIDDLE-PHENO_20250717_051900.wav",2,584132,"66ef9a96-5ba9-49cb-9aa4-7fe4a3cf0b49",5,48000,"1.54M",TRUE,FALSE,FALSE,NA,NA,"Fiddle-Pheno",5344,"https://prod.wildtrax.ca/media/aru/66/ef/9a/96-5ba9-49cb-9aa4-7fe4a3cf0b49/5726048.flac"
5726049,"flac",58932685,600,NA,NA,2025-07-16 05:47:00,2026-09-14 23:05:27.362384,"/tmp/e7a7c68c-209f-4656-97b9-052c4a533e12/FIDDLE-PHENO_20250716_054700.wav",2,584132,"31684dd3-a429-40f0-b15d-e942ad8d564d",5,48000,"1.54M",TRUE,FALSE,FALSE,NA,NA,"Fiddle-Pheno",5344,"https://prod.wildtrax.ca/media/aru/31/68/4d/d3-a429-40f0-b15d-e942ad8d564d/5726049.flac"
5726050,"flac",29160572,300,NA,NA,2025-07-17 06:19:00,2026-09-14 23:05:44.864025,"/tmp/a16dc13b-28ad-4091-8aee-3a60c1bf7cd7/FIDDLE-PHENO_20250717_061900.wav",2,584132,"ad992096-dc7e-4d79-b1c5-cb7b5277b657",5,48000,"1.54M",TRUE,FALSE,FALSE,NA,NA,"Fiddle-Pheno",5344,"https://prod.wildtrax.ca/media/aru/ad/99/20/96-dc7e-4d79-b1c5-cb7b5277b657/5726050.flac"
5726051,"flac",29186481,300,NA,NA,2025-07-18 05:20:00,2026-09-14 23:05:45.909967,"/tmp/7e4dfc03-30e2-441c-a7f8-b5a76b164dff/FIDDLE-PHENO_20250718_052000.wav",2,584132,"34afc67f-b66c-4e5f-967f-1906de8d291c",5,48000,"1.54M",TRUE,FALSE,FALSE,NA,NA,"Fiddle-Pheno",5344,"https://prod.wildtrax.ca/media/aru/34/af/c6/7f-b66c-4e5f-967f-1906de8d291c/5726051.flac"
5726052,"flac",59313609,600,NA,NA,2025-07-17 05:49:00,2026-09-14 23:05:48.146682,"/tmp/77ff1aac-8520-4b50-a93f-dcfee1f70a8b/FIDDLE-PHENO_20250717_054900.wav",2,584132,"84e10d38-bca7-4fd1-80bb-74fbff6c2d84",5,48000,"1.54M",TRUE,FALSE,FALSE,NA,NA,"Fiddle-Pheno",5344,"https://prod.wildtrax.ca/media/aru/84/e1/0d/38-bca7-4fd1-80bb-74fbff6c2d84/5726052.flac"
5726053,"flac",58131512,600,NA,NA,2025-07-18 05:50:00,2026-09-14 23:06:18.538997,"/tmp/ba696ab9-2bda-406d-aafd-7424cca5ec44/FIDDLE-PHENO_20250718_055000.wav",2,584132,"5ec5bb31-c85f-4bd2-a835-d69ff966fa3c",5,48000,"1.54M",TRUE,FALSE,FALSE,NA,NA,"Fiddle-Pheno",5344,"https://prod.wildtrax.ca/media/aru/5e/c5/bb/31-c85f-4bd2-a835-d69ff966fa3c/5726053.flac"
5726055,"flac",28942068,300,NA,NA,2025-07-19 05:21:00,2026-09-14 23:06:29.908353,"/tmp/5278945c-8c9c-4e34-9731-e9bf82a66e5f/FIDDLE-PHENO_20250719_052100.wav",2,584132,"9f0405a7-ffec-47b0-9853-5fe652e3a8de",5,48000,"1.54M",TRUE,FALSE,FALSE,NA,NA,"Fiddle-Pheno",5344,"https://prod.wildtrax.ca/media/aru/9f/04/05/a7-ffec-47b0-9853-5fe652e3a8de/5726055.flac"
5726054,"flac",29023095,300,NA,NA,2025-07-18 06:20:00,2026-09-14 23:06:19.954878,"/tmp/eabd6557-2ccd-4e00-b7f8-ee915c2b21ac/FIDDLE-PHENO_20250718_062000.wav",2,584132,"2c45372b-e687-4eef-ba2c-80e2ac076e03",5,48000,"1.54M",TRUE,FALSE,FALSE,NA,NA,"Fiddle-Pheno",5344,"https://prod.wildtrax.ca/media/aru/2c/45/37/2b-e687-4eef-ba2c-80e2ac076e03/5726054.flac"
5726056,"flac",58148443,600,NA,NA,2025-07-19 05:51:00,2026-09-14 23:06:35.36057,"/tmp/021d87b0-c045-498b-9be2-efe2ba50c2ab/FIDDLE-PHENO_20250719_055100.wav",2,584132,"e80426fd-b62a-4a20-8a80-3fccd7819d52",5,48000,"1.54M",TRUE,FALSE,FALSE,NA,NA,"Fiddle-Pheno",5344,"https://prod.wildtrax.ca/media/aru/e8/04/26/fd-b62a-4a20-8a80-3fccd7819d52/5726056.flac"
5726059,"flac",29110941,300,NA,NA,2025-07-20 06:23:00,2026-09-14 23:07:00.90331,"/tmp/69cfa1f3-db42-4a48-871c-71e6848acf1a/FIDDLE-PHENO_20250720_062300.wav",2,584132,"c7e2cb19-9fb2-48a9-9921-38626b5465c8",5,48000,"1.54M",TRUE,FALSE,FALSE,NA,NA,"Fiddle-Pheno",5344,"https://prod.wildtrax.ca/media/aru/c7/e2/cb/19-9fb2-48a9-9921-38626b5465c8/5726059.flac"
5726061,"flac",28820075,300,NA,NA,2025-07-21 06:24:00,2026-09-14 23:07:21.710665,"/tmp/15b5f962-6b03-45b1-a837-5018edf3aa57/FIDDLE-PHENO_20250721_062400.wav",2,584132,"3ebfa61e-c8d8-43e4-976b-d06bc0cf63c5",5,48000,"1.54M",TRUE,FALSE,FALSE,NA,NA,"Fiddle-Pheno",5344,"https://prod.wildtrax.ca/media/aru/3e/bf/a6/1e-c8d8-43e4-976b-d06bc0cf63c5/5726061.flac"
5726057,"flac",28988737,300,NA,NA,2025-07-19 06:21:00,2026-09-14 23:06:44.200542,"/tmp/fd268439-462e-4f24-b1da-958110a02b8d/FIDDLE-PHENO_20250719_062100.wav",2,584132,"f0ffea05-33cf-4e61-a849-410d17bde8db",5,48000,"1.54M",TRUE,FALSE,FALSE,NA,NA,"Fiddle-Pheno",5344,"https://prod.wildtrax.ca/media/aru/f0/ff/ea/05-33cf-4e61-a849-410d17bde8db/5726057.flac"
5726058,"flac",29045312,300,NA,NA,2025-07-20 05:23:00,2026-09-14 23:06:48.345349,"/tmp/4e429fc7-3471-4407-ae76-7b62c7a3db38/FIDDLE-PHENO_20250720_052300.wav",2,584132,"809d87b7-c92a-4f5d-be8e-c41a76b1eee0",5,48000,"1.54M",TRUE,FALSE,FALSE,NA,NA,"Fiddle-Pheno",5344,"https://prod.wildtrax.ca/media/aru/80/9d/87/b7-c92a-4f5d-be8e-c41a76b1eee0/5726058.flac"
5726060,"flac",28874423,300,NA,NA,2025-07-21 05:24:00,2026-09-14 23:07:09.161729,"/tmp/2e3ad7d6-4fcd-4d8f-b8e0-1ab5ae420f66/FIDDLE-PHENO_20250721_052400.wav",2,584132,"a482a988-1534-4f21-9f2d-c824ff485fff",5,48000,"1.54M",TRUE,FALSE,FALSE,NA,NA,"Fiddle-Pheno",5344,"https://prod.wildtrax.ca/media/aru/a4/82/a9/88-1534-4f21-9f2d-c824ff485fff/5726060.flac"
5726062,"flac",58204511,600,NA,NA,2025-07-20 05:53:00,2026-09-14 23:07:34.65122,"/tmp/7fb104f5-6a67-49cf-9779-9ad9642d6ec5/FIDDLE-PHENO_20250720_055300.wav",2,584132,"625978f5-6ced-4895-a483-52b5a2d3d78b",5,48000,"1.54M",TRUE,FALSE,FALSE,NA,NA,"Fiddle-Pheno",5344,"https://prod.wildtrax.ca/media/aru/62/59/78/f5-6ced-4895-a483-52b5a2d3d78b/5726062.flac"
5697926,"flac",33035261,300,NA,NA,2022-07-03 05:05:00,2026-09-03 14:23:36.488548,"/tmp/2f90f25c-d6c7-49ae-b9c9-7fe015f0133c/FIDDLE-PHENO_20220703_050500.wav",2,584132,"9012272e-c2d2-4921-8524-d2d57ada44bb",5,48000,"1.54M",TRUE,FALSE,FALSE,NA,NA,"Fiddle-Pheno",5344,"https://prod.wildtrax.ca/media/aru/90/12/27/2e-c2d2-4921-8524-d2d57ada44bb/5697926.flac"
5697929,"flac",33049832,300,NA,NA,2022-07-04 05:06:00,2026-09-03 14:24:27.084457,"/tmp/b3593915-de34-4b2e-8371-148f7e8670aa/FIDDLE-PHENO_20220704_050600.wav",2,584132,"bf4af9a2-11a7-40c2-9dbc-5965fce2b207",5,48000,"1.54M",TRUE,FALSE,FALSE,NA,NA,"Fiddle-Pheno",5344,"https://prod.wildtrax.ca/media/aru/bf/4a/f9/a2-11a7-40c2-9dbc-5965fce2b207/5697929.flac"
5726063,"flac",57608507,600,NA,NA,2025-07-21 05:54:00,2026-09-14 23:07:38.925478,"/tmp/1d4e03e5-a451-4cd3-8d9a-a71b5ae7069d/FIDDLE-PHENO_20250721_055400.wav",2,584132,"e5a10b2e-1edf-4a4a-8301-1d5cbbb3a422",5,48000,"1.54M",TRUE,FALSE,FALSE,NA,NA,"Fiddle-Pheno",5344,"https://prod.wildtrax.ca/media/aru/e5/a1/0b/2e-1edf-4a4a-8301-1d5cbbb3a422/5726063.flac"
5697927,"flac",33117926,300,NA,NA,2022-07-02 05:04:00,2026-09-03 14:23:53.893376,"/tmp/2d6f6f0e-fab6-4e20-aa3b-3fe833b81688/FIDDLE-PHENO_20220702_050400.wav",2,584132,"6995f176-0496-4e11-96a5-b4ca8d4482e1",5,48000,"1.54M",TRUE,FALSE,FALSE,NA,NA,"Fiddle-Pheno",5344,"https://prod.wildtrax.ca/media/aru/69/95/f1/76-0496-4e11-96a5-b4ca8d4482e1/5697927.flac"
5697952,"flac",27681603,300,NA,NA,2022-07-10 06:12:00,2026-09-03 14:32:09.477823,"/tmp/300cb04f-3bfc-48a9-9f14-91994cd133a2/FIDDLE-PHENO_20220710_061200.wav",2,584132,"bccb9704-dbd5-460f-9b40-2fd563f91bf2",5,48000,"1.54M",TRUE,FALSE,FALSE,NA,NA,"Fiddle-Pheno",5344,"https://prod.wildtrax.ca/media/aru/bc/cb/97/04-dbd5-460f-9b40-2fd563f91bf2/5697952.flac"
5697959,"flac",53957308,600,NA,NA,2022-07-12 05:44:00,2026-09-03 14:34:01.132829,"/tmp/f5972043-14ba-45af-98ea-f3e0d77d8ac0/FIDDLE-PHENO_20220712_054400.wav",2,584132,"b2a1f2cc-76a2-4ae1-b03b-0ea15d6aa109",5,48000,"1.54M",TRUE,FALSE,FALSE,NA,NA,"Fiddle-Pheno",5344,"https://prod.wildtrax.ca/media/aru/b2/a1/f2/cc-76a2-4ae1-b03b-0ea15d6aa109/5697959.flac"
5697928,"flac",33061480,300,NA,NA,2022-07-02 06:04:00,2026-09-03 14:24:00.935328,"/tmp/5f2f0c10-2857-4631-a09d-5d4b53b85e4a/FIDDLE-PHENO_20220702_060400.wav",2,584132,"199b6481-b9bb-4688-ba7e-05250a96eb9a",5,48000,"1.54M",TRUE,FALSE,FALSE,NA,NA,"Fiddle-Pheno",5344,"https://prod.wildtrax.ca/media/aru/19/9b/64/81-b9bb-4688-ba7e-05250a96eb9a/5697928.flac"
5697939,"flac",65864674,600,NA,NA,2022-07-05 05:37:00,2026-09-03 14:27:40.920895,"/tmp/2824b2ec-64b8-46a4-a582-fbadf7aa889b/FIDDLE-PHENO_20220705_053700.wav",2,584132,"64027165-2d31-46b4-8a53-eda733b13f9c",5,48000,"1.54M",TRUE,FALSE,FALSE,NA,NA,"Fiddle-Pheno",5344,"https://prod.wildtrax.ca/media/aru/64/02/71/65-2d31-46b4-8a53-eda733b13f9c/5697939.flac"
5697930,"flac",32900491,300,NA,NA,2022-07-03 06:05:00,2026-09-03 14:24:27.694109,"/tmp/3b4822f1-5dcf-4d39-a270-bfbbb8d45f3e/FIDDLE-PHENO_20220703_060500.wav",2,584132,"6ef815ca-a127-4d8b-9b80-00c06edfa1cd",5,48000,"1.54M",TRUE,FALSE,FALSE,NA,NA,"Fiddle-Pheno",5344,"https://prod.wildtrax.ca/media/aru/6e/f8/15/ca-a127-4d8b-9b80-00c06edfa1cd/5697930.flac"
5697938,"flac",33141981,300,NA,NA,2022-07-06 06:08:00,2026-09-03 14:27:32.942802,"/tmp/4ba938d2-3697-48e9-9b76-2b6ad2d45222/FIDDLE-PHENO_20220706_060800.wav",2,584132,"730b4536-4328-4074-a34b-51888fc1d9ad",5,48000,"1.54M",TRUE,FALSE,FALSE,NA,NA,"Fiddle-Pheno",5344,"https://prod.wildtrax.ca/media/aru/73/0b/45/36-4328-4074-a34b-51888fc1d9ad/5697938.flac"
5697942,"flac",33149373,300,NA,NA,2022-07-07 06:09:00,2026-09-03 14:28:50.186043,"/tmp/0e4d26f1-2f14-47de-b2ba-c2113ed8a03d/FIDDLE-PHENO_20220707_060900.wav",2,584132,"9b37057c-d56e-4724-aba1-f1a30845d5cf",5,48000,"1.54M",TRUE,FALSE,FALSE,NA,NA,"Fiddle-Pheno",5344,"https://prod.wildtrax.ca/media/aru/9b/37/05/7c-d56e-4724-aba1-f1a30845d5cf/5697942.flac"
5697955,"flac",30609864,300,NA,NA,2022-07-11 06:13:00,2026-09-03 14:32:53.877208,"/tmp/471c0d57-d554-4a6a-87fd-ce547256f814/FIDDLE-PHENO_20220711_061300.wav",2,584132,"9df5e07f-a4ba-4074-8f57-52efb880e88b",5,48000,"1.54M",TRUE,FALSE,FALSE,NA,NA,"Fiddle-Pheno",5344,"https://prod.wildtrax.ca/media/aru/9d/f5/e0/7f-a4ba-4074-8f57-52efb880e88b/5697955.flac"
5697962,"flac",65348015,600,NA,NA,2022-07-13 05:45:00,2026-09-03 14:35:42.171577,"/tmp/3e433384-f042-40c0-8e35-17e2f73a00e2/FIDDLE-PHENO_20220713_054500.wav",2,584132,"dcd8c886-bd66-44a8-befb-ae660a06d35d",5,48000,"1.54M",TRUE,FALSE,FALSE,NA,NA,"Fiddle-Pheno",5344,"https://prod.wildtrax.ca/media/aru/dc/d8/c8/86-bd66-44a8-befb-ae660a06d35d/5697962.flac"
5697931,"flac",66137587,600,NA,NA,2022-07-02 05:34:00,2026-09-03 14:24:56.72603,"/tmp/3f311c04-40d9-42e9-b704-7cf34e335716/FIDDLE-PHENO_20220702_053400.wav",2,584132,"6f677555-f860-4e23-ad9f-3cb641d0bc1e",5,48000,"1.54M",TRUE,FALSE,FALSE,NA,NA,"Fiddle-Pheno",5344,"https://prod.wildtrax.ca/media/aru/6f/67/75/55-f860-4e23-ad9f-3cb641d0bc1e/5697931.flac"
5697953,"flac",56554368,600,NA,NA,2022-07-10 05:42:00,2026-09-03 14:32:20.924463,"/tmp/fcb47ca2-cb01-4fa1-bf7e-d8ea5bac5974/FIDDLE-PHENO_20220710_054200.wav",2,584132,"291cb734-9b99-4741-9ac7-aa9527b75ee3",5,48000,"1.54M",TRUE,FALSE,FALSE,NA,NA,"Fiddle-Pheno",5344,"https://prod.wildtrax.ca/media/aru/29/1c/b7/34-9b99-4741-9ac7-aa9527b75ee3/5697953.flac"
5697954,"flac",27280155,300,NA,NA,2022-07-12 05:14:00,2026-09-03 14:32:47.946787,"/tmp/3825a92c-f8b2-4f2a-943f-f0d71bbfa901/FIDDLE-PHENO_20220712_051400.wav",2,584132,"45634da0-aeb7-4a16-9ebf-f7d3bd31ac8c",5,48000,"1.54M",TRUE,FALSE,FALSE,NA,NA,"Fiddle-Pheno",5344,"https://prod.wildtrax.ca/media/aru/45/63/4d/a0-aeb7-4a16-9ebf-f7d3bd31ac8c/5697954.flac"
5697966,"flac",29359573,300,NA,NA,2022-07-15 06:18:00,2026-09-03 14:37:03.341815,"/tmp/290849c2-fc78-45ac-bc6e-c2c1d4c26b55/FIDDLE-PHENO_20220715_061800.wav",2,584132,"a720d804-3aec-4bc5-b1a3-2a830965b02c",5,48000,"1.54M",TRUE,FALSE,FALSE,NA,NA,"Fiddle-Pheno",5344,"https://prod.wildtrax.ca/media/aru/a7/20/d8/04-3aec-4bc5-b1a3-2a830965b02c/5697966.flac"
5697932,"flac",32921616,300,NA,NA,2022-07-04 06:06:00,2026-09-03 14:25:25.361884,"/tmp/938b53ff-d328-43e8-873c-a60e57eb9f94/FIDDLE-PHENO_20220704_060600.wav",2,584132,"007a5d78-8990-44d1-95e0-affd7d98f352",5,48000,"1.54M",TRUE,FALSE,FALSE,NA,NA,"Fiddle-Pheno",5344,"https://prod.wildtrax.ca/media/aru/00/7a/5d/78-8990-44d1-95e0-affd7d98f352/5697932.flac"
5697933,"flac",65996042,600,NA,NA,2022-07-03 05:35:00,2026-09-03 14:25:29.255086,"/tmp/a3e410a0-4f6f-4d0c-969b-fdfd0f261eab/FIDDLE-PHENO_20220703_053500.wav",2,584132,"fe0f3af2-554c-4766-be1e-4ab672e7ee7b",5,48000,"1.54M",TRUE,FALSE,FALSE,NA,NA,"Fiddle-Pheno",5344,"https://prod.wildtrax.ca/media/aru/fe/0f/3a/f2-554c-4766-be1e-4ab672e7ee7b/5697933.flac"
5697941,"flac",66287779,600,NA,NA,2022-07-06 05:38:00,2026-09-03 14:28:10.765616,"/tmp/a2c2115f-d4ce-4517-a8b2-1627ebc683a5/FIDDLE-PHENO_20220706_053800.wav",2,584132,"5f9c068a-f3bc-44a9-98b1-ed9e2263ac24",5,48000,"1.54M",TRUE,FALSE,FALSE,NA,NA,"Fiddle-Pheno",5344,"https://prod.wildtrax.ca/media/aru/5f/9c/06/8a-f3bc-44a9-98b1-ed9e2263ac24/5697941.flac"
5697956,"flac",27973306,300,NA,NA,2022-07-12 06:14:00,2026-09-03 14:33:41.467902,"/tmp/b9ddb9fb-b802-4484-80cc-d029a22652e6/FIDDLE-PHENO_20220712_061400.wav",2,584132,"cabc21db-4b9d-4a40-9751-905adc9896ae",5,48000,"1.54M",TRUE,FALSE,FALSE,NA,NA,"Fiddle-Pheno",5344,"https://prod.wildtrax.ca/media/aru/ca/bc/21/db-4b9d-4a40-9751-905adc9896ae/5697956.flac"
5697964,"flac",57922447,600,NA,NA,2022-07-14 05:46:00,2026-09-03 14:35:55.29373,"/tmp/c82c0aac-2790-4150-bc01-638d6ea08bfc/FIDDLE-PHENO_20220714_054600.wav",2,584132,"b82b7ae3-58a8-42e0-ba92-a7a0729db4dc",5,48000,"1.54M",TRUE,FALSE,FALSE,NA,NA,"Fiddle-Pheno",5344,"https://prod.wildtrax.ca/media/aru/b8/2b/7a/e3-58a8-42e0-ba92-a7a0729db4dc/5697964.flac"
5697934,"flac",33054993,300,NA,NA,2022-07-05 05:07:00,2026-09-03 14:25:41.010794,"/tmp/68fc310b-64cb-4b8b-bb14-75ad0d123504/FIDDLE-PHENO_20220705_050700.wav",2,584132,"44cb813d-5f8e-423a-9a08-e03d30f2935a",5,48000,"1.54M",TRUE,FALSE,FALSE,NA,NA,"Fiddle-Pheno",5344,"https://prod.wildtrax.ca/media/aru/44/cb/81/3d-5f8e-423a-9a08-e03d30f2935a/5697934.flac"
5697937,"flac",33131248,300,NA,NA,2022-07-06 05:08:00,2026-09-03 14:26:37.233017,"/tmp/fba4e770-bbdc-4fcb-bb05-fa295fafab1a/FIDDLE-PHENO_20220706_050800.wav",2,584132,"d15b4a73-4144-4e20-afc0-08b1c4a5c5a5",5,48000,"1.54M",TRUE,FALSE,FALSE,NA,NA,"Fiddle-Pheno",5344,"https://prod.wildtrax.ca/media/aru/d1/5b/4a/73-4144-4e20-afc0-08b1c4a5c5a5/5697937.flac"
5697945,"flac",32830351,300,NA,NA,2022-07-08 06:10:00,2026-09-03 14:30:23.599681,"/tmp/ad879a2a-e270-4f86-a4ea-0f3e5b2d179f/FIDDLE-PHENO_20220708_061000.wav",2,584132,"ed2fe332-7111-429c-9607-786006b0cf4f",5,48000,"1.54M",TRUE,FALSE,FALSE,NA,NA,"Fiddle-Pheno",5344,"https://prod.wildtrax.ca/media/aru/ed/2f/e3/32-7111-429c-9607-786006b0cf4f/5697945.flac"
5697950,"flac",28127255,300,NA,NA,2022-07-10 05:12:00,2026-09-03 14:31:43.115311,"/tmp/f49b9dfb-3045-4a39-8419-db5c152bcd75/FIDDLE-PHENO_20220710_051200.wav",2,584132,"5973b6eb-2a1b-4f80-8375-911b37419ff3",5,48000,"1.54M",TRUE,FALSE,FALSE,NA,NA,"Fiddle-Pheno",5344,"https://prod.wildtrax.ca/media/aru/59/73/b6/eb-2a1b-4f80-8375-911b37419ff3/5697950.flac"
5697935,"flac",65817924,600,NA,NA,2022-07-04 05:36:00,2026-09-03 14:25:44.586885,"/tmp/92946c27-fc6d-4a3f-9ffc-5616fc463aa1/FIDDLE-PHENO_20220704_053600.wav",2,584132,"212ac840-5412-4ca1-a197-f45eb507a410",5,48000,"1.54M",TRUE,FALSE,FALSE,NA,NA,"Fiddle-Pheno",5344,"https://prod.wildtrax.ca/media/aru/21/2a/c8/40-5412-4ca1-a197-f45eb507a410/5697935.flac"
5697936,"flac",32944610,300,NA,NA,2022-07-05 06:07:00,2026-09-03 14:26:19.200622,"/tmp/086c5494-9ad7-4833-8a57-26f6ee579eda/FIDDLE-PHENO_20220705_060700.wav",2,584132,"0cb7d46f-500e-477e-9054-7ebd28c70167",5,48000,"1.54M",TRUE,FALSE,FALSE,NA,NA,"Fiddle-Pheno",5344,"https://prod.wildtrax.ca/media/aru/0c/b7/d4/6f-500e-477e-9054-7ebd28c70167/5697936.flac"
5697948,"flac",64595432,600,NA,NA,2022-07-09 05:41:00,2026-09-03 14:31:32.04385,"/tmp/660dc846-87ac-43b7-99cb-44bd7f7508f1/FIDDLE-PHENO_20220709_054100.wav",2,584132,"2da28faf-22a9-4570-953e-d4d13359e29d",5,48000,"1.54M",TRUE,FALSE,FALSE,NA,NA,"Fiddle-Pheno",5344,"https://prod.wildtrax.ca/media/aru/2d/a2/8f/af-22a9-4570-953e-d4d13359e29d/5697948.flac"
5697949,"flac",31886827,300,NA,NA,2022-07-09 06:11:00,2026-09-03 14:31:38.972227,"/tmp/aef686ad-afab-45cf-bc0f-05a9c998c23b/FIDDLE-PHENO_20220709_061100.wav",2,584132,"129eac66-c07e-4f7d-9b52-658ee274c62a",5,48000,"1.54M",TRUE,FALSE,FALSE,NA,NA,"Fiddle-Pheno",5344,"https://prod.wildtrax.ca/media/aru/12/9e/ac/66-c07e-4f7d-9b52-658ee274c62a/5697949.flac"
5697940,"flac",33198169,300,NA,NA,2022-07-07 05:09:00,2026-09-03 14:28:02.229687,"/tmp/ba444772-7c61-471f-99cc-a5f964b7a6c9/FIDDLE-PHENO_20220707_050900.wav",2,584132,"0bca3a5a-1526-4343-b194-7a1458f5783a",5,48000,"1.54M",TRUE,FALSE,FALSE,NA,NA,"Fiddle-Pheno",5344,"https://prod.wildtrax.ca/media/aru/0b/ca/3a/5a-1526-4343-b194-7a1458f5783a/5697940.flac"
5697947,"flac",65968228,600,NA,NA,2022-07-08 05:40:00,2026-09-03 14:30:49.924388,"/tmp/540d0cc5-eb81-4d36-9977-9adde5b97058/FIDDLE-PHENO_20220708_054000.wav",2,584132,"3e256f6e-50a9-4a97-8fce-c9ceda0d6bf1",5,48000,"1.54M",TRUE,FALSE,FALSE,NA,NA,"Fiddle-Pheno",5344,"https://prod.wildtrax.ca/media/aru/3e/25/6f/6e-50a9-4a97-8fce-c9ceda0d6bf1/5697947.flac"
5697951,"flac",29343906,300,NA,NA,2022-07-11 05:13:00,2026-09-03 14:32:04.442474,"/tmp/ddf9aed3-8863-443f-88b4-05b823442a10/FIDDLE-PHENO_20220711_051300.wav",2,584132,"ad3f5ae6-dd49-416b-be23-2f3b72e1b4e2",5,48000,"1.54M",TRUE,FALSE,FALSE,NA,NA,"Fiddle-Pheno",5344,"https://prod.wildtrax.ca/media/aru/ad/3f/5a/e6-dd49-416b-be23-2f3b72e1b4e2/5697951.flac"
5697943,"flac",66302935,600,NA,NA,2022-07-07 05:39:00,2026-09-03 14:29:01.212321,"/tmp/9562f204-02aa-4615-b9c0-1025619406c8/FIDDLE-PHENO_20220707_053900.wav",2,584132,"215ad1f2-a965-446a-b854-08aec05afd2a",5,48000,"1.54M",TRUE,FALSE,FALSE,NA,NA,"Fiddle-Pheno",5344,"https://prod.wildtrax.ca/media/aru/21/5a/d1/f2-a965-446a-b854-08aec05afd2a/5697943.flac"
5697965,"flac",29386779,300,NA,NA,2022-07-15 05:18:00,2026-09-03 14:35:57.499371,"/tmp/396a3512-b9ab-4cc7-b99e-3ed7fbac0b95/FIDDLE-PHENO_20220715_051800.wav",2,584132,"309311d9-5278-4a4d-8f8e-15cad1be6783",5,48000,"1.54M",TRUE,FALSE,FALSE,NA,NA,"Fiddle-Pheno",5344,"https://prod.wildtrax.ca/media/aru/30/93/11/d9-5278-4a4d-8f8e-15cad1be6783/5697965.flac"
5697944,"flac",32765162,300,NA,NA,2022-07-08 05:10:00,2026-09-03 14:29:04.111722,"/tmp/4828c3f9-ad93-4f50-a9be-152f82f34928/FIDDLE-PHENO_20220708_051000.wav",2,584132,"7709b19c-e695-4ab2-98fc-219e6a67f425",5,48000,"1.54M",TRUE,FALSE,FALSE,NA,NA,"Fiddle-Pheno",5344,"https://prod.wildtrax.ca/media/aru/77/09/b1/9c-e695-4ab2-98fc-219e6a67f425/5697944.flac"
5697957,"flac",61812634,600,NA,NA,2022-07-11 05:43:00,2026-09-03 14:33:44.830204,"/tmp/14556022-a060-40df-b6ef-9a11236caa02/FIDDLE-PHENO_20220711_054300.wav",2,584132,"5c9f6ee6-1a66-4160-b5a1-830c0296a1e4",5,48000,"1.54M",TRUE,FALSE,FALSE,NA,NA,"Fiddle-Pheno",5344,"https://prod.wildtrax.ca/media/aru/5c/9f/6e/e6-1a66-4160-b5a1-830c0296a1e4/5697957.flac"
5697961,"flac",28272074,300,NA,NA,2022-07-14 05:16:00,2026-09-03 14:35:05.96316,"/tmp/a03ecd10-c619-47ea-a7da-be50de9df07e/FIDDLE-PHENO_20220714_051600.wav",2,584132,"b35b19f6-0b08-4e25-8649-f18e9c11dc38",5,48000,"1.54M",TRUE,FALSE,FALSE,NA,NA,"Fiddle-Pheno",5344,"https://prod.wildtrax.ca/media/aru/b3/5b/19/f6-0b08-4e25-8649-f18e9c11dc38/5697961.flac"
5697963,"flac",28930113,300,NA,NA,2022-07-14 06:16:00,2026-09-03 14:35:43.543941,"/tmp/f3e6f157-5757-45b7-b4c1-b948dd3f6175/FIDDLE-PHENO_20220714_061600.wav",2,584132,"5ba0dadb-6e9d-48d5-b8df-7fc6e0441a69",5,48000,"1.54M",TRUE,FALSE,FALSE,NA,NA,"Fiddle-Pheno",5344,"https://prod.wildtrax.ca/media/aru/5b/a0/da/db-6e9d-48d5-b8df-7fc6e0441a69/5697963.flac"
5697946,"flac",32042651,300,NA,NA,2022-07-09 05:11:00,2026-09-03 14:30:24.304888,"/tmp/71d448e1-4d54-4e92-bed2-5d75b521cd4c/FIDDLE-PHENO_20220709_051100.wav",2,584132,"f2914f59-2022-495d-ae3a-135b6e3d5097",5,48000,"1.54M",TRUE,FALSE,FALSE,NA,NA,"Fiddle-Pheno",5344,"https://prod.wildtrax.ca/media/aru/f2/91/4f/59-2022-495d-ae3a-135b6e3d5097/5697946.flac"
5697958,"flac",32029537,300,NA,NA,2022-07-13 05:15:00,2026-09-03 14:33:58.627603,"/tmp/1bd33066-ceb6-4082-b898-7f6407bce5db/FIDDLE-PHENO_20220713_051500.wav",2,584132,"32165ddf-03d5-422f-98eb-4373ba752159",5,48000,"1.54M",TRUE,FALSE,FALSE,NA,NA,"Fiddle-Pheno",5344,"https://prod.wildtrax.ca/media/aru/32/16/5d/df-03d5-422f-98eb-4373ba752159/5697958.flac"
5697960,"flac",32567970,300,NA,NA,2022-07-13 06:15:00,2026-09-03 14:34:40.848585,"/tmp/4417d257-e2a5-4bea-a449-33dc610c5f21/FIDDLE-PHENO_20220713_061500.wav",2,584132,"d4864312-b25d-4c5d-878d-3e7581a89978",5,48000,"1.54M",TRUE,FALSE,FALSE,NA,NA,"Fiddle-Pheno",5344,"https://prod.wildtrax.ca/media/aru/d4/86/43/12-b25d-4c5d-878d-3e7581a89978/5697960.flac"
5697967,"flac",29541331,300,NA,NA,2022-07-16 05:19:00,2026-09-03 14:37:21.507458,"/tmp/c0920f41-a22f-49a5-80a4-3d2cba96803c/FIDDLE-PHENO_20220716_051900.wav",2,584132,"069988f1-4171-421a-964c-3b848432d35e",5,48000,"1.54M",TRUE,FALSE,FALSE,NA,NA,"Fiddle-Pheno",5344,"https://prod.wildtrax.ca/media/aru/06/99/88/f1-4171-421a-964c-3b848432d35e/5697967.flac"
5697968,"flac",58731891,600,NA,NA,2022-07-15 05:48:00,2026-09-03 14:38:22.787763,"/tmp/e57451c8-2e1d-4831-8de4-6b417f9acb25/FIDDLE-PHENO_20220715_054800.wav",2,584132,"f867a4af-e71a-4c86-a51f-4e5f52e99e27",5,48000,"1.54M",TRUE,FALSE,FALSE,NA,NA,"Fiddle-Pheno",5344,"https://prod.wildtrax.ca/media/aru/f8/67/a4/af-e71a-4c86-a51f-4e5f52e99e27/5697968.flac"
5697969,"flac",29830832,300,NA,NA,2022-07-16 06:19:00,2026-09-03 14:38:55.37334,"/tmp/2ccc83db-1b26-4a5a-a956-2fc0c61b432c/FIDDLE-PHENO_20220716_061900.wav",2,584132,"740b5b3c-dd8b-4044-9d3d-e10820b0e133",5,48000,"1.54M",TRUE,FALSE,FALSE,NA,NA,"Fiddle-Pheno",5344,"https://prod.wildtrax.ca/media/aru/74/0b/5b/3c-dd8b-4044-9d3d-e10820b0e133/5697969.flac"
5697970,"flac",32567619,300,NA,NA,2022-07-17 05:20:00,2026-09-03 14:39:06.508723,"/tmp/2c945094-d348-4b24-b1d3-1adf870df98b/FIDDLE-PHENO_20220717_052000.wav",2,584132,"e4eb05c6-a0f4-4a65-98a6-f8353ba74b50",5,48000,"1.54M",TRUE,FALSE,FALSE,NA,NA,"Fiddle-Pheno",5344,"https://prod.wildtrax.ca/media/aru/e4/eb/05/c6-a0f4-4a65-98a6-f8353ba74b50/5697970.flac"
5697971,"flac",59320090,600,NA,NA,2022-07-16 05:49:00,2026-09-03 14:39:18.75866,"/tmp/a5d8254e-3496-472b-aa34-6d5b24cf3ecf/FIDDLE-PHENO_20220716_054900.wav",2,584132,"bd65d290-eb5c-4bc3-a9ec-059347f6f3cf",5,48000,"1.54M",TRUE,FALSE,FALSE,NA,NA,"Fiddle-Pheno",5344,"https://prod.wildtrax.ca/media/aru/bd/65/d2/90-eb5c-4bc3-a9ec-059347f6f3cf/5697971.flac"
5697972,"flac",32360395,300,NA,NA,2022-07-17 06:20:00,2026-09-03 14:41:05.614656,"/tmp/e3b072cc-686b-4eb2-ac19-037f22f64bb3/FIDDLE-PHENO_20220717_062000.wav",2,584132,"46d130b2-b054-4c91-9ac2-12562a266634",5,48000,"1.54M",TRUE,FALSE,FALSE,NA,NA,"Fiddle-Pheno",5344,"https://prod.wildtrax.ca/media/aru/46/d1/30/b2-b054-4c91-9ac2-12562a266634/5697972.flac"
5697980,"flac",60294405,600,NA,NA,2022-07-19 05:53:00,2026-09-03 14:44:51.044672,"/tmp/d13d8db1-2dce-4d75-b9f7-f4fabba74ba6/FIDDLE-PHENO_20220719_055300.wav",2,584132,"895bfe1f-82fe-4b5f-a9de-167468161666",5,48000,"1.54M",TRUE,FALSE,FALSE,NA,NA,"Fiddle-Pheno",5344,"https://prod.wildtrax.ca/media/aru/89/5b/fe/1f-82fe-4b5f-a9de-167468161666/5697980.flac"
5697988,"flac",57504497,600,NA,NA,2023-06-10 05:30:00,2026-09-03 14:48:56.867444,"/tmp/d79ef502-e853-4bd1-bf8c-1ad0a9c0814a/FIDDLE-PHENO_20230610_053000.wav",2,584132,"cfb0135d-b87e-4876-85fd-c7d244ec58f8",5,48000,"1.54M",TRUE,FALSE,FALSE,NA,NA,"Fiddle-Pheno",5344,"https://prod.wildtrax.ca/media/aru/cf/b0/13/5d-b87e-4876-85fd-c7d244ec58f8/5697988.flac"
5697991,"flac",32616783,300,NA,NA,2023-06-12 05:59:00,2026-09-03 14:50:10.401719,"/tmp/da3af041-66ec-45a2-9266-df209b96b3ef/FIDDLE-PHENO_20230612_055900.wav",2,584132,"0178edee-6555-432d-aac7-98803d2da94e",5,48000,"1.54M",TRUE,FALSE,FALSE,NA,NA,"Fiddle-Pheno",5344,"https://prod.wildtrax.ca/media/aru/01/78/ed/ee-6555-432d-aac7-98803d2da94e/5697991.flac"
5698020,"flac",31509994,300,NA,NA,2023-06-21 05:59:00,2026-09-03 15:01:49.192003,"/tmp/9a24c683-3280-4c99-95ff-316f1129c493/FIDDLE-PHENO_20230621_055900.wav",2,584132,"f949a0e5-f963-4f0e-9ec8-55dd9d8dcb5d",5,48000,"1.54M",TRUE,FALSE,FALSE,NA,NA,"Fiddle-Pheno",5344,"https://prod.wildtrax.ca/media/aru/f9/49/a0/e5-f963-4f0e-9ec8-55dd9d8dcb5d/5698020.flac"
5698027,"flac",32926802,300,NA,NA,2023-06-24 05:00:00,2026-09-03 15:03:46.944222,"/tmp/c3a21637-78ba-4c87-adb1-f37a675669af/FIDDLE-PHENO_20230624_050000.wav",2,584132,"92413ac5-0817-4d4d-9182-7cbb5100140c",5,48000,"1.54M",TRUE,FALSE,FALSE,NA,NA,"Fiddle-Pheno",5344,"https://prod.wildtrax.ca/media/aru/92/41/3a/c5-0817-4d4d-9182-7cbb5100140c/5698027.flac"
5697973,"flac",64865184,600,NA,NA,2022-07-17 05:50:00,2026-09-03 14:41:45.207119,"/tmp/083bfbcd-d763-4ea0-9c82-5c5fb151523c/FIDDLE-PHENO_20220717_055000.wav",2,584132,"e830be90-ebbc-4070-b3db-eb5daf0bcfa2",5,48000,"1.54M",TRUE,FALSE,FALSE,NA,NA,"Fiddle-Pheno",5344,"https://prod.wildtrax.ca/media/aru/e8/30/be/90-ebbc-4070-b3db-eb5daf0bcfa2/5697973.flac"
5697974,"flac",32092049,300,NA,NA,2022-07-18 05:21:00,2026-09-03 14:41:49.276899,"/tmp/e6e5dc4f-b634-4b3f-9a94-6ae81b8822b7/FIDDLE-PHENO_20220718_052100.wav",2,584132,"dab01b0d-6637-49f6-96d3-10835677eff4",5,48000,"1.54M",TRUE,FALSE,FALSE,NA,NA,"Fiddle-Pheno",5344,"https://prod.wildtrax.ca/media/aru/da/b0/1b/0d-6637-49f6-96d3-10835677eff4/5697974.flac"
5697984,"flac",28365420,300,NA,NA,2022-07-21 06:26:00,2026-09-03 14:47:21.56073,"/tmp/37e37944-cc27-4870-8eea-9142fbe9cdbb/FIDDLE-PHENO_20220721_062600.wav",2,584132,"e8e7c84e-436b-40af-bf99-d5ad23f91a52",5,48000,"1.54M",TRUE,FALSE,FALSE,NA,NA,"Fiddle-Pheno",5344,"https://prod.wildtrax.ca/media/aru/e8/e7/c8/4e-436b-40af-bf99-d5ad23f91a52/5697984.flac"
5697995,"flac",65427330,600,NA,NA,2023-06-12 05:29:00,2026-09-03 14:51:45.141641,"/tmp/d8a77b61-9742-4d10-a897-eea6c37819f8/FIDDLE-PHENO_20230612_052900.wav",2,584132,"4356e6d6-3ece-4b2d-b725-8f1c8378d784",5,48000,"1.54M",TRUE,FALSE,FALSE,NA,NA,"Fiddle-Pheno",5344,"https://prod.wildtrax.ca/media/aru/43/56/e6/d6-3ece-4b2d-b725-8f1c8378d784/5697995.flac"
5698021,"flac",63102407,600,NA,NA,2023-06-21 05:29:00,2026-09-03 15:01:49.807361,"/tmp/619faf81-855b-4174-95f2-bbccdc542ebd/FIDDLE-PHENO_20230621_052900.wav",2,584132,"9a3d255a-a1e1-4ade-bf3a-3bc7c1001002",5,48000,"1.54M",TRUE,FALSE,FALSE,NA,NA,"Fiddle-Pheno",5344,"https://prod.wildtrax.ca/media/aru/9a/3d/25/5a-a1e1-4ade-bf3a-3bc7c1001002/5698021.flac"
5697975,"flac",32193676,300,NA,NA,2022-07-18 06:21:00,2026-09-03 14:42:23.38825,"/tmp/55dfaa08-2efa-4e82-a140-cea60f606a74/FIDDLE-PHENO_20220718_062100.wav",2,584132,"78b687a2-5e0d-44fc-a933-c856425378cb",5,48000,"1.54M",TRUE,FALSE,FALSE,NA,NA,"Fiddle-Pheno",5344,"https://prod.wildtrax.ca/media/aru/78/b6/87/a2-5e0d-44fc-a933-c856425378cb/5697975.flac"
5698000,"flac",65675027,600,NA,NA,2023-06-15 05:29:00,2026-09-03 14:54:03.737351,"/tmp/1a15f7a5-d506-40a8-84f7-350750fe9ad8/FIDDLE-PHENO_20230615_052900.wav",2,584132,"d39619c9-4ccc-4abf-9e9d-76f6cf712cd6",5,48000,"1.54M",TRUE,FALSE,FALSE,NA,NA,"Fiddle-Pheno",5344,"https://prod.wildtrax.ca/media/aru/d3/96/19/c9-4ccc-4abf-9e9d-76f6cf712cd6/5698000.flac"
5698003,"flac",66218163,600,NA,NA,2023-06-14 05:29:00,2026-09-03 14:55:34.598027,"/tmp/6d8da3e5-eddf-49be-8cc6-a6a839025243/FIDDLE-PHENO_20230614_052900.wav",2,584132,"00463d6b-9f49-4b21-aae4-d8107cf6be2f",5,48000,"1.54M",TRUE,FALSE,FALSE,NA,NA,"Fiddle-Pheno",5344,"https://prod.wildtrax.ca/media/aru/00/46/3d/6b-9f49-4b21-aae4-d8107cf6be2f/5698003.flac"
5698006,"flac",31869263,300,NA,NA,2023-06-17 04:58:00,2026-09-03 14:56:08.631093,"/tmp/be70d53c-5d39-489f-8b66-8d6c88ad293c/FIDDLE-PHENO_20230617_045800.wav",2,584132,"b8c81253-0111-4287-9de6-252ae426bf17",5,48000,"1.54M",TRUE,FALSE,FALSE,NA,NA,"Fiddle-Pheno",5344,"https://prod.wildtrax.ca/media/aru/b8/c8/12/53-0111-4287-9de6-252ae426bf17/5698006.flac"
5698013,"flac",33074800,300,NA,NA,2023-06-19 04:59:00,2026-09-03 14:59:18.191713,"/tmp/14b6e13f-8ca5-4740-9ca5-39ac56c864e2/FIDDLE-PHENO_20230619_045900.wav",2,584132,"1d25863b-617d-416e-aa2d-5c0b806ac5ef",5,48000,"1.54M",TRUE,FALSE,FALSE,NA,NA,"Fiddle-Pheno",5344,"https://prod.wildtrax.ca/media/aru/1d/25/86/3b-617d-416e-aa2d-5c0b806ac5ef/5698013.flac"
5698018,"flac",31548909,300,NA,NA,2023-06-21 04:59:00,2026-09-03 15:01:25.215563,"/tmp/d4f0a95c-1947-4c54-bb54-bf991cd82a7d/FIDDLE-PHENO_20230621_045900.wav",2,584132,"9192c8b7-a6b3-4d59-9b6d-04aa46cdf692",5,48000,"1.54M",TRUE,FALSE,FALSE,NA,NA,"Fiddle-Pheno",5344,"https://prod.wildtrax.ca/media/aru/91/92/c8/b7-a6b3-4d59-9b6d-04aa46cdf692/5698018.flac"
5697976,"flac",64333757,600,NA,NA,2022-07-18 05:51:00,2026-09-03 14:42:43.292282,"/tmp/b78d325b-d7a5-4207-8884-94e6f02521db/FIDDLE-PHENO_20220718_055100.wav",2,584132,"1395b214-e146-47a4-926f-c5fb67e18a2a",5,48000,"1.54M",TRUE,FALSE,FALSE,NA,NA,"Fiddle-Pheno",5344,"https://prod.wildtrax.ca/media/aru/13/95/b2/14-e146-47a4-926f-c5fb67e18a2a/5697976.flac"
5697986,"flac",28830964,300,NA,NA,2023-06-10 05:00:00,2026-09-03 14:48:05.052285,"/tmp/13aa3a87-256e-4b5a-bd1f-d6a6fdb48245/FIDDLE-PHENO_20230610_050000.wav",2,584132,"1f2a1588-0231-4b71-8030-a05cd5d448cf",5,48000,"1.54M",TRUE,FALSE,FALSE,NA,NA,"Fiddle-Pheno",5344,"https://prod.wildtrax.ca/media/aru/1f/2a/15/88-0231-4b71-8030-a05cd5d448cf/5697986.flac"
5697994,"flac",31273716,300,NA,NA,2023-06-13 04:59:00,2026-09-03 14:51:00.15033,"/tmp/273e1a5e-684a-4eb5-85b8-f8c87054cc5b/FIDDLE-PHENO_20230613_045900.wav",2,584132,"0e9da50a-9eb4-4102-823b-c35370b33c82",5,48000,"1.54M",TRUE,FALSE,FALSE,NA,NA,"Fiddle-Pheno",5344,"https://prod.wildtrax.ca/media/aru/0e/9d/a5/0a-9eb4-4102-823b-c35370b33c82/5697994.flac"
5697997,"flac",30551612,300,NA,NA,2023-06-13 05:59:00,2026-09-03 14:52:19.857978,"/tmp/5b9204c6-88aa-4b08-b5ff-8307b258eba5/FIDDLE-PHENO_20230613_055900.wav",2,584132,"eec1bdb3-fddc-4555-996d-680986603a60",5,48000,"1.54M",TRUE,FALSE,FALSE,NA,NA,"Fiddle-Pheno",5344,"https://prod.wildtrax.ca/media/aru/ee/c1/bd/b3-fddc-4555-996d-680986603a60/5697997.flac"
5698002,"flac",28958811,300,NA,NA,2023-06-16 04:59:00,2026-09-03 14:55:11.81108,"/tmp/85992d69-a00d-4ffc-8e96-e0d2367c226c/FIDDLE-PHENO_20230616_045900.wav",2,584132,"d06a1bbc-edb0-4283-91e2-0eca523c6c79",5,48000,"1.54M",TRUE,FALSE,FALSE,NA,NA,"Fiddle-Pheno",5344,"https://prod.wildtrax.ca/media/aru/d0/6a/1b/bc-edb0-4283-91e2-0eca523c6c79/5698002.flac"
5698016,"flac",31575506,300,NA,NA,2023-06-20 05:59:00,2026-09-03 15:00:05.83581,"/tmp/12375b9a-03c0-4d40-9506-5b52b74e7f7e/FIDDLE-PHENO_20230620_055900.wav",2,584132,"0f9fc8e2-c7b5-4f25-853d-141f318907ec",5,48000,"1.54M",TRUE,FALSE,FALSE,NA,NA,"Fiddle-Pheno",5344,"https://prod.wildtrax.ca/media/aru/0f/9f/c8/e2-c7b5-4f25-853d-141f318907ec/5698016.flac"
5697977,"flac",29913665,300,NA,NA,2022-07-19 06:23:00,2026-09-03 14:42:57.671767,"/tmp/bf9db117-d9b8-4777-ab47-3ca4f01fd30e/FIDDLE-PHENO_20220719_062300.wav",2,584132,"c7583107-b4f6-42d4-ba12-47823d118f42",5,48000,"1.54M",TRUE,FALSE,FALSE,NA,NA,"Fiddle-Pheno",5344,"https://prod.wildtrax.ca/media/aru/c7/58/31/07-b4f6-42d4-ba12-47823d118f42/5697977.flac"
5697981,"flac",29038788,300,NA,NA,2022-07-20 06:24:00,2026-09-03 14:46:00.146842,"/tmp/56291cbd-a4c2-4177-b0ec-533c577660e1/FIDDLE-PHENO_20220720_062400.wav",2,584132,"8943f9fb-3eed-42a0-965b-ad1de02021f8",5,48000,"1.54M",TRUE,FALSE,FALSE,NA,NA,"Fiddle-Pheno",5344,"https://prod.wildtrax.ca/media/aru/89/43/f9/fb-3eed-42a0-965b-ad1de02021f8/5697981.flac"
5697985,"flac",57803595,600,NA,NA,2022-07-20 05:54:00,2026-09-03 14:47:23.140909,"/tmp/fe74f9a0-d9a2-4acd-a880-1caaa3b7176e/FIDDLE-PHENO_20220720_055400.wav",2,584132,"44c7d8c9-0cbc-4f9e-aaa1-c6431007445e",5,48000,"1.54M",TRUE,FALSE,FALSE,NA,NA,"Fiddle-Pheno",5344,"https://prod.wildtrax.ca/media/aru/44/c7/d8/c9-0cbc-4f9e-aaa1-c6431007445e/5697985.flac"
5697987,"flac",32812613,300,NA,NA,2023-06-11 05:00:00,2026-09-03 14:48:46.667502,"/tmp/9befe30a-dd9a-43ac-bb61-b8f72430bef2/FIDDLE-PHENO_20230611_050000.wav",2,584132,"6d1256e2-fd49-4538-bee3-f7a9747a2832",5,48000,"1.54M",TRUE,FALSE,FALSE,NA,NA,"Fiddle-Pheno",5344,"https://prod.wildtrax.ca/media/aru/6d/12/56/e2-fd49-4538-bee3-f7a9747a2832/5697987.flac"
5698025,"flac",32360503,300,NA,NA,2023-06-23 05:59:00,2026-09-03 15:03:20.440817,"/tmp/343d2c16-0102-4a19-9b8e-a5ed5a9938be/FIDDLE-PHENO_20230623_055900.wav",2,584132,"e2a3ee76-dc79-49e8-8d5c-cb9fe7bfc53a",5,48000,"1.54M",TRUE,FALSE,FALSE,NA,NA,"Fiddle-Pheno",5344,"https://prod.wildtrax.ca/media/aru/e2/a3/ee/76-dc79-49e8-8d5c-cb9fe7bfc53a/5698025.flac"
5697978,"flac",30195005,300,NA,NA,2022-07-19 05:23:00,2026-09-03 14:43:01.186629,"/tmp/f3d753e6-c50b-4de3-a38f-9e30b8567e51/FIDDLE-PHENO_20220719_052300.wav",2,584132,"96b4076a-2da4-453f-94a1-76f88b2e4ff2",5,48000,"1.54M",TRUE,FALSE,FALSE,NA,NA,"Fiddle-Pheno",5344,"https://prod.wildtrax.ca/media/aru/96/b4/07/6a-2da4-453f-94a1-76f88b2e4ff2/5697978.flac"
5697983,"flac",57203369,600,NA,NA,2022-07-21 05:56:00,2026-09-03 14:46:42.991071,"/tmp/f2c25378-a601-46e7-96b6-dcdb5360e87b/FIDDLE-PHENO_20220721_055600.wav",2,584132,"62358e75-be04-4e4f-8f76-253acda442fd",5,48000,"1.54M",TRUE,FALSE,FALSE,NA,NA,"Fiddle-Pheno",5344,"https://prod.wildtrax.ca/media/aru/62/35/8e/75-be04-4e4f-8f76-253acda442fd/5697983.flac"
5697999,"flac",61336826,600,NA,NA,2023-06-13 05:29:00,2026-09-03 14:53:55.533732,"/tmp/830a682d-c490-4944-aa6e-f4f22f687c35/FIDDLE-PHENO_20230613_052900.wav",2,584132,"68857da0-2596-47b8-b381-71acd5e2962f",5,48000,"1.54M",TRUE,FALSE,FALSE,NA,NA,"Fiddle-Pheno",5344,"https://prod.wildtrax.ca/media/aru/68/85/7d/a0-2596-47b8-b381-71acd5e2962f/5697999.flac"
5698007,"flac",32367816,300,NA,NA,2023-06-17 05:58:00,2026-09-03 14:56:39.75637,"/tmp/e4ae390c-a469-40ea-97f4-cd7941358c05/FIDDLE-PHENO_20230617_055800.wav",2,584132,"78a0e1f8-035e-41d3-8a92-c0e53ea2fd76",5,48000,"1.54M",TRUE,FALSE,FALSE,NA,NA,"Fiddle-Pheno",5344,"https://prod.wildtrax.ca/media/aru/78/a0/e1/f8-035e-41d3-8a92-c0e53ea2fd76/5698007.flac"
5698012,"flac",32951472,300,NA,NA,2023-06-18 05:59:00,2026-09-03 14:58:21.276687,"/tmp/48ff4f2f-b35e-4cae-86ae-faa9da471f70/FIDDLE-PHENO_20230618_055900.wav",2,584132,"4295423b-fb5b-41f9-a7a3-c353d1e7566a",5,48000,"1.54M",TRUE,FALSE,FALSE,NA,NA,"Fiddle-Pheno",5344,"https://prod.wildtrax.ca/media/aru/42/95/42/3b-fb5b-41f9-a7a3-c353d1e7566a/5698012.flac"
5698023,"flac",32482179,300,NA,NA,2023-06-23 04:59:00,2026-09-03 15:02:35.516677,"/tmp/24c4abea-a4aa-4544-a0a5-c291dba65c18/FIDDLE-PHENO_20230623_045900.wav",2,584132,"633de02f-d2dc-461a-a158-7f3e8e39e943",5,48000,"1.54M",TRUE,FALSE,FALSE,NA,NA,"Fiddle-Pheno",5344,"https://prod.wildtrax.ca/media/aru/63/3d/e0/2f-d2dc-461a-a158-7f3e8e39e943/5698023.flac"
5697979,"flac",28544013,300,NA,NA,2022-07-20 05:24:00,2026-09-03 14:43:20.189813,"/tmp/ed6126c7-988f-4fd6-8fba-f4d9921d0a18/FIDDLE-PHENO_20220720_052400.wav",2,584132,"e9e18e0a-b04b-449f-af43-b0fdeb76ba04",5,48000,"1.54M",TRUE,FALSE,FALSE,NA,NA,"Fiddle-Pheno",5344,"https://prod.wildtrax.ca/media/aru/e9/e1/8e/0a-b04b-449f-af43-b0fdeb76ba04/5697979.flac"
5697982,"flac",28599434,300,NA,NA,2022-07-21 05:26:00,2026-09-03 14:46:38.873973,"/tmp/b74c03ad-d9ac-49e5-a4b8-df754306ae8c/FIDDLE-PHENO_20220721_052600.wav",2,584132,"f0c5cdcd-7b44-4912-b83d-0f331e8ecbf9",5,48000,"1.54M",TRUE,FALSE,FALSE,NA,NA,"Fiddle-Pheno",5344,"https://prod.wildtrax.ca/media/aru/f0/c5/cd/cd-7b44-4912-b83d-0f331e8ecbf9/5697982.flac"
5697989,"flac",28485962,300,NA,NA,2023-06-10 06:00:00,2026-09-03 14:49:00.959072,"/tmp/2ec48ac7-676a-4dd6-acba-71ba621359d2/FIDDLE-PHENO_20230610_060000.wav",2,584132,"1073b94d-0786-4121-bbf0-4992b5ebe924",5,48000,"1.54M",TRUE,FALSE,FALSE,NA,NA,"Fiddle-Pheno",5344,"https://prod.wildtrax.ca/media/aru/10/73/b9/4d-0786-4121-bbf0-4992b5ebe924/5697989.flac"
5697990,"flac",32660774,300,NA,NA,2023-06-12 04:59:00,2026-09-03 14:49:25.946974,"/tmp/945b7740-06bf-446b-93b4-d0e8e7ddbc30/FIDDLE-PHENO_20230612_045900.wav",2,584132,"cdfb062f-4411-4874-aaf1-cb6b33fa43a8",5,48000,"1.54M",TRUE,FALSE,FALSE,NA,NA,"Fiddle-Pheno",5344,"https://prod.wildtrax.ca/media/aru/cd/fb/06/2f-4411-4874-aaf1-cb6b33fa43a8/5697990.flac"
5697993,"flac",65169467,600,NA,NA,2023-06-11 05:30:00,2026-09-03 14:50:26.911601,"/tmp/8c8a24df-4a3c-4b11-970d-0dd00ece043c/FIDDLE-PHENO_20230611_053000.wav",2,584132,"b6969765-f9b1-4a6d-8eda-5a1dbabd17c3",5,48000,"1.54M",TRUE,FALSE,FALSE,NA,NA,"Fiddle-Pheno",5344,"https://prod.wildtrax.ca/media/aru/b6/96/97/65-f9b1-4a6d-8eda-5a1dbabd17c3/5697993.flac"
5697996,"flac",33249552,300,NA,NA,2023-06-14 04:59:00,2026-09-03 14:52:03.585136,"/tmp/7114c619-ee2f-49cc-95a2-5cae89ef89af/FIDDLE-PHENO_20230614_045900.wav",2,584132,"aa88b99d-73db-492b-bf15-9eb5a3217918",5,48000,"1.54M",TRUE,FALSE,FALSE,NA,NA,"Fiddle-Pheno",5344,"https://prod.wildtrax.ca/media/aru/aa/88/b9/9d-73db-492b-bf15-9eb5a3217918/5697996.flac"
5698010,"flac",64368659,600,NA,NA,2023-06-17 05:28:00,2026-09-03 14:58:16.520533,"/tmp/d2870ca2-cc9d-43b5-a50c-9ae235a31f09/FIDDLE-PHENO_20230617_052800.wav",2,584132,"3b87e02a-a5b3-4134-bc94-716fa725c881",5,48000,"1.54M",TRUE,FALSE,FALSE,NA,NA,"Fiddle-Pheno",5344,"https://prod.wildtrax.ca/media/aru/3b/87/e0/2a-a5b3-4134-bc94-716fa725c881/5698010.flac"
5698022,"flac",31941590,300,NA,NA,2023-06-22 04:59:00,2026-09-03 15:02:25.086299,"/tmp/5c661995-2679-49fb-a2bb-8a92aaf8db3d/FIDDLE-PHENO_20230622_045900.wav",2,584132,"f9bc3c01-cc3d-4bae-a410-c943854224bd",5,48000,"1.54M",TRUE,FALSE,FALSE,NA,NA,"Fiddle-Pheno",5344,"https://prod.wildtrax.ca/media/aru/f9/bc/3c/01-cc3d-4bae-a410-c943854224bd/5698022.flac"
5697992,"flac",32666596,300,NA,NA,2023-06-11 06:00:00,2026-09-03 14:50:23.787064,"/tmp/f8ab658a-e218-401b-a595-1e0df1387b26/FIDDLE-PHENO_20230611_060000.wav",2,584132,"fd25c1fc-a4a9-4cdf-8f06-a815eefbb5c8",5,48000,"1.54M",TRUE,FALSE,FALSE,NA,NA,"Fiddle-Pheno",5344,"https://prod.wildtrax.ca/media/aru/fd/25/c1/fc-a4a9-4cdf-8f06-a815eefbb5c8/5697992.flac"
5698009,"flac",33163042,300,NA,NA,2023-06-18 04:59:00,2026-09-03 14:57:40.903602,"/tmp/6b88be1d-9f10-43a9-a0c4-9a0233d441bb/FIDDLE-PHENO_20230618_045900.wav",2,584132,"6673aa48-09c0-48fa-aa30-2bd4202f66e8",5,48000,"1.54M",TRUE,FALSE,FALSE,NA,NA,"Fiddle-Pheno",5344,"https://prod.wildtrax.ca/media/aru/66/73/aa/48-09c0-48fa-aa30-2bd4202f66e8/5698009.flac"
5698014,"flac",31628045,300,NA,NA,2023-06-20 04:59:00,2026-09-03 14:59:31.981651,"/tmp/05d6ca72-4d86-4ebb-8945-8acbe9ab4d02/FIDDLE-PHENO_20230620_045900.wav",2,584132,"f977d1c8-19f4-498c-980e-e8b5d6ef00b6",5,48000,"1.54M",TRUE,FALSE,FALSE,NA,NA,"Fiddle-Pheno",5344,"https://prod.wildtrax.ca/media/aru/f9/77/d1/c8-19f4-498c-980e-e8b5d6ef00b6/5698014.flac"
5697998,"flac",32534409,300,NA,NA,2023-06-14 05:59:00,2026-09-03 14:52:44.020191,"/tmp/1bee616b-5e26-441c-b3c8-fd43a99b4e95/FIDDLE-PHENO_20230614_055900.wav",2,584132,"fafb98fd-6cb2-4a11-9837-a55397bc283b",5,48000,"1.54M",TRUE,FALSE,FALSE,NA,NA,"Fiddle-Pheno",5344,"https://prod.wildtrax.ca/media/aru/fa/fb/98/fd-6cb2-4a11-9837-a55397bc283b/5697998.flac"
5698001,"flac",32555405,300,NA,NA,2023-06-15 04:59:00,2026-09-03 14:54:33.214012,"/tmp/29707bd5-688d-4d06-9935-321cfbd86f4b/FIDDLE-PHENO_20230615_045900.wav",2,584132,"e50125ba-bf0d-4740-b3ad-3872a90e2fc7",5,48000,"1.54M",TRUE,FALSE,FALSE,NA,NA,"Fiddle-Pheno",5344,"https://prod.wildtrax.ca/media/aru/e5/01/25/ba-bf0d-4740-b3ad-3872a90e2fc7/5698001.flac"
5698004,"flac",32682072,300,NA,NA,2023-06-15 05:59:00,2026-09-03 14:55:38.269721,"/tmp/16d63196-5fe0-426d-a067-0327b56980df/FIDDLE-PHENO_20230615_055900.wav",2,584132,"f2469e12-db9a-486b-b252-4c9a809a66bd",5,48000,"1.54M",TRUE,FALSE,FALSE,NA,NA,"Fiddle-Pheno",5344,"https://prod.wildtrax.ca/media/aru/f2/46/9e/12-db9a-486b-b252-4c9a809a66bd/5698004.flac"
5698011,"flac",65942583,600,NA,NA,2023-06-18 05:29:00,2026-09-03 14:58:20.026495,"/tmp/0bb4288a-b9a8-4624-a095-0f0cf3f68025/FIDDLE-PHENO_20230618_052900.wav",2,584132,"a4db0063-ad00-448b-b87a-318f5c126def",5,48000,"1.54M",TRUE,FALSE,FALSE,NA,NA,"Fiddle-Pheno",5344,"https://prod.wildtrax.ca/media/aru/a4/db/00/63-ad00-448b-b87a-318f5c126def/5698011.flac"
5698015,"flac",32992352,300,NA,NA,2023-06-19 05:59:00,2026-09-03 15:00:04.954208,"/tmp/b96e8e41-050b-4dd9-9ad9-075b326f6f45/FIDDLE-PHENO_20230619_055900.wav",2,584132,"e39e3955-6d58-4e06-a38a-5be7de899ce8",5,48000,"1.54M",TRUE,FALSE,FALSE,NA,NA,"Fiddle-Pheno",5344,"https://prod.wildtrax.ca/media/aru/e3/9e/39/55-6d58-4e06-a38a-5be7de899ce8/5698015.flac"
5698019,"flac",63299371,600,NA,NA,2023-06-20 05:29:00,2026-09-03 15:01:29.704108,"/tmp/27953ab8-d1a6-4681-9a1b-591991216ccd/FIDDLE-PHENO_20230620_052900.wav",2,584132,"daa53bef-1299-4dfb-b3f7-ad8d38941478",5,48000,"1.54M",TRUE,FALSE,FALSE,NA,NA,"Fiddle-Pheno",5344,"https://prod.wildtrax.ca/media/aru/da/a5/3b/ef-1299-4dfb-b3f7-ad8d38941478/5698019.flac"
5698024,"flac",32034224,300,NA,NA,2023-06-22 05:59:00,2026-09-03 15:02:45.388255,"/tmp/75c3e777-6416-4ae9-8dc4-23c403106048/FIDDLE-PHENO_20230622_055900.wav",2,584132,"c320b813-3a2e-4847-a2d9-be7ed8ffa12e",5,48000,"1.54M",TRUE,FALSE,FALSE,NA,NA,"Fiddle-Pheno",5344,"https://prod.wildtrax.ca/media/aru/c3/20/b8/13-3a2e-4847-a2d9-be7ed8ffa12e/5698024.flac"
5698026,"flac",63641598,600,NA,NA,2023-06-22 05:29:00,2026-09-03 15:03:43.922789,"/tmp/5ea05bbc-878b-4bc4-afa1-e015cd6de4fc/FIDDLE-PHENO_20230622_052900.wav",2,584132,"0c5a56b5-f291-40db-a1fc-624129276810",5,48000,"1.54M",TRUE,FALSE,FALSE,NA,NA,"Fiddle-Pheno",5344,"https://prod.wildtrax.ca/media/aru/0c/5a/56/b5-f291-40db-a1fc-624129276810/5698026.flac"
5698028,"flac",64909420,600,NA,NA,2023-06-23 05:29:00,2026-09-03 15:04:45.532139,"/tmp/80244c74-7032-4fa5-b722-a69164c257cd/FIDDLE-PHENO_20230623_052900.wav",2,584132,"9caaaf11-6dad-4da3-9368-e50175d4b464",5,48000,"1.54M",TRUE,FALSE,FALSE,NA,NA,"Fiddle-Pheno",5344,"https://prod.wildtrax.ca/media/aru/9c/aa/af/11-6dad-4da3-9368-e50175d4b464/5698028.flac"
5698031,"flac",65962544,600,NA,NA,2023-06-24 05:30:00,2026-09-03 15:06:29.246954,"/tmp/d9a0a102-c8b7-45e5-91c4-db1327357eb2/FIDDLE-PHENO_20230624_053000.wav",2,584132,"e8131768-1f63-4841-8197-5b31e819b129",5,48000,"1.54M",TRUE,FALSE,FALSE,NA,NA,"Fiddle-Pheno",5344,"https://prod.wildtrax.ca/media/aru/e8/13/17/68-1f63-4841-8197-5b31e819b129/5698031.flac"
5698005,"flac",27668929,300,NA,NA,2023-06-16 05:59:00,2026-09-03 14:56:06.287682,"/tmp/dfe50454-996d-4b58-a4e6-71ee64f46d65/FIDDLE-PHENO_20230616_055900.wav",2,584132,"001ac8e2-35e1-4a64-9a6a-c911ff133d25",5,48000,"1.54M",TRUE,FALSE,FALSE,NA,NA,"Fiddle-Pheno",5344,"https://prod.wildtrax.ca/media/aru/00/1a/c8/e2-35e1-4a64-9a6a-c911ff133d25/5698005.flac"
5698029,"flac",32858175,300,NA,NA,2023-06-24 06:00:00,2026-09-03 15:05:36.509454,"/tmp/550090f8-70d8-42c2-b33a-36a8938b30cd/FIDDLE-PHENO_20230624_060000.wav",2,584132,"c83a4d0c-0345-47e1-bd65-10c976a87b5e",5,48000,"1.54M",TRUE,FALSE,FALSE,NA,NA,"Fiddle-Pheno",5344,"https://prod.wildtrax.ca/media/aru/c8/3a/4d/0c-0345-47e1-bd65-10c976a87b5e/5698029.flac"
5698008,"flac",61448267,600,NA,NA,2023-06-16 05:29:00,2026-09-03 14:57:12.029394,"/tmp/b68292d4-a13e-41b2-8261-25470e61fecd/FIDDLE-PHENO_20230616_052900.wav",2,584132,"0956eaf5-7852-4e9a-b4a3-5133652dbcc6",5,48000,"1.54M",TRUE,FALSE,FALSE,NA,NA,"Fiddle-Pheno",5344,"https://prod.wildtrax.ca/media/aru/09/56/ea/f5-7852-4e9a-b4a3-5133652dbcc6/5698008.flac"
5698017,"flac",65871296,600,NA,NA,2023-06-19 05:29:00,2026-09-03 15:00:42.438035,"/tmp/e7269182-d497-439a-ba19-1413a528719f/FIDDLE-PHENO_20230619_052900.wav",2,584132,"e8cde3a5-b580-4111-9c97-ff6d15aefbf6",5,48000,"1.54M",TRUE,FALSE,FALSE,NA,NA,"Fiddle-Pheno",5344,"https://prod.wildtrax.ca/media/aru/e8/cd/e3/a5-b580-4111-9c97-ff6d15aefbf6/5698017.flac"
5698030,"flac",33126822,300,NA,NA,2023-06-25 05:00:00,2026-09-03 15:06:15.932578,"/tmp/26fe2254-fbf8-4aab-9d56-6cb8d9b6ef67/FIDDLE-PHENO_20230625_050000.wav",2,584132,"806f424a-df75-42a6-a2d3-1165d9d7e0ba",5,48000,"1.54M",TRUE,FALSE,FALSE,NA,NA,"Fiddle-Pheno",5344,"https://prod.wildtrax.ca/media/aru/80/6f/42/4a-df75-42a6-a2d3-1165d9d7e0ba/5698030.flac"
5698032,"flac",33195615,300,NA,NA,2023-06-25 06:00:00,2026-09-03 15:07:32.247946,"/tmp/39a02080-ea5b-441e-ab14-c99178efa820/FIDDLE-PHENO_20230625_060000.wav",2,584132,"42a1af4c-41b4-4bee-a36c-779a0c44fc4a",5,48000,"1.54M",TRUE,FALSE,FALSE,NA,NA,"Fiddle-Pheno",5344,"https://prod.wildtrax.ca/media/aru/42/a1/af/4c-41b4-4bee-a36c-779a0c44fc4a/5698032.flac"
5698033,"flac",33482279,300,NA,NA,2023-06-26 05:01:00,2026-09-03 15:07:36.472223,"/tmp/61383570-8ae1-40e6-b778-c0c0777418c8/FIDDLE-PHENO_20230626_050100.wav",2,584132,"714d98d8-e799-40f1-9312-07b7137a20f3",5,48000,"1.54M",TRUE,FALSE,FALSE,NA,NA,"Fiddle-Pheno",5344,"https://prod.wildtrax.ca/media/aru/71/4d/98/d8-e799-40f1-9312-07b7137a20f3/5698033.flac"
5698034,"flac",66948427,600,NA,NA,2023-06-26 05:31:00,2026-09-03 15:07:49.717207,"/tmp/4035d7a6-6f42-4d2f-b5d1-785fe709bce5/FIDDLE-PHENO_20230626_053100.wav",2,584132,"840ac364-bdc3-437c-a5e4-7e39a780653a",5,48000,"1.54M",TRUE,FALSE,FALSE,NA,NA,"Fiddle-Pheno",5344,"https://prod.wildtrax.ca/media/aru/84/0a/c3/64-bdc3-437c-a5e4-7e39a780653a/5698034.flac"
5698035,"flac",66276044,600,NA,NA,2023-06-25 05:30:00,2026-09-03 15:08:29.402981,"/tmp/0fca630d-7680-4fa9-b424-84404321fcc4/FIDDLE-PHENO_20230625_053000.wav",2,584132,"8cd1ef8c-40a7-40cb-9869-d4a3bcde3fc1",5,48000,"1.54M",TRUE,FALSE,FALSE,NA,NA,"Fiddle-Pheno",5344,"https://prod.wildtrax.ca/media/aru/8c/d1/ef/8c-40a7-40cb-9869-d4a3bcde3fc1/5698035.flac"
5698036,"flac",31693218,300,NA,NA,2023-06-27 05:01:00,2026-09-03 15:09:24.190982,"/tmp/11019a3d-c6af-4907-85bb-22886480a23f/FIDDLE-PHENO_20230627_050100.wav",2,584132,"c9075e2b-528f-41d6-bd84-16ea0acd48b2",5,48000,"1.54M",TRUE,FALSE,FALSE,NA,NA,"Fiddle-Pheno",5344,"https://prod.wildtrax.ca/media/aru/c9/07/5e/2b-528f-41d6-bd84-16ea0acd48b2/5698036.flac"
5698037,"flac",33499193,300,NA,NA,2023-06-26 06:01:00,2026-09-03 15:09:28.861067,"/tmp/3db8823e-6a70-42ce-b7c8-6bf183140ec5/FIDDLE-PHENO_20230626_060100.wav",2,584132,"f22e5e51-cb71-4011-8e13-c93df861d2bc",5,48000,"1.54M",TRUE,FALSE,FALSE,NA,NA,"Fiddle-Pheno",5344,"https://prod.wildtrax.ca/media/aru/f2/2e/5e/51-cb71-4011-8e13-c93df861d2bc/5698037.flac"
5698038,"flac",63637873,600,NA,NA,2023-06-27 05:31:00,2026-09-03 15:09:38.962733,"/tmp/eb9f9a76-cde6-4fdb-bb5c-d57ac73bdc88/FIDDLE-PHENO_20230627_053100.wav",2,584132,"a5deb045-f3d3-407c-bcad-960dd595ec50",5,48000,"1.54M",TRUE,FALSE,FALSE,NA,NA,"Fiddle-Pheno",5344,"https://prod.wildtrax.ca/media/aru/a5/de/b0/45-f3d3-407c-bcad-960dd595ec50/5698038.flac"
5698039,"flac",32178541,300,NA,NA,2023-06-27 06:01:00,2026-09-03 15:09:45.478012,"/tmp/8cb8dd13-3316-4a94-a00a-0789afd29e70/FIDDLE-PHENO_20230627_060100.wav",2,584132,"52a01117-8571-4bd7-9874-1c982c69d1f6",5,48000,"1.54M",TRUE,FALSE,FALSE,NA,NA,"Fiddle-Pheno",5344,"https://prod.wildtrax.ca/media/aru/52/a0/11/17-8571-4bd7-9874-1c982c69d1f6/5698039.flac"
5698040,"flac",33683780,300,NA,NA,2023-06-28 06:02:00,2026-09-03 15:10:37.679196,"/tmp/b7d9b93e-ed24-4cca-825c-59e6dfd7a338/FIDDLE-PHENO_20230628_060200.wav",2,584132,"7f4b3bd3-2f7b-481a-9d28-d7dfb710b88d",5,48000,"1.54M",TRUE,FALSE,FALSE,NA,NA,"Fiddle-Pheno",5344,"https://prod.wildtrax.ca/media/aru/7f/4b/3b/d3-2f7b-481a-9d28-d7dfb710b88d/5698040.flac"
5698041,"flac",33809264,300,NA,NA,2023-06-28 05:02:00,2026-09-03 15:11:16.893129,"/tmp/512348d5-cf60-48c2-b8a0-7da81ad1aeac/FIDDLE-PHENO_20230628_050200.wav",2,584132,"26cce752-41ca-48d8-83bf-5ea117d5f4d0",5,48000,"1.54M",TRUE,FALSE,FALSE,NA,NA,"Fiddle-Pheno",5344,"https://prod.wildtrax.ca/media/aru/26/cc/e7/52-41ca-48d8-83bf-5ea117d5f4d0/5698041.flac"
5698044,"flac",67409350,600,NA,NA,2023-06-28 05:32:00,2026-09-03 15:13:10.808677,"/tmp/931780b7-42ec-4c4a-abc2-a7ae8756710f/FIDDLE-PHENO_20230628_053200.wav",2,584132,"e3cf6f11-2c86-4917-856b-7abd4c27d8c3",5,48000,"1.54M",TRUE,FALSE,FALSE,NA,NA,"Fiddle-Pheno",5344,"https://prod.wildtrax.ca/media/aru/e3/cf/6f/11-2c86-4917-856b-7abd4c27d8c3/5698044.flac"
5698045,"flac",34080881,300,NA,NA,2023-06-30 05:03:00,2026-09-03 15:13:24.329785,"/tmp/1a433764-1af4-47af-bf8d-c9d1138b19a2/FIDDLE-PHENO_20230630_050300.wav",2,584132,"ca7f22b0-c5e0-4198-a125-e768b75110ff",5,48000,"1.54M",TRUE,FALSE,FALSE,NA,NA,"Fiddle-Pheno",5344,"https://prod.wildtrax.ca/media/aru/ca/7f/22/b0-c5e0-4198-a125-e768b75110ff/5698045.flac"
5698042,"flac",33465089,300,NA,NA,2023-06-29 05:02:00,2026-09-03 15:12:00.777605,"/tmp/0d92999c-7cf0-4c42-ad0b-409923a9e9ff/FIDDLE-PHENO_20230629_050200.wav",2,584132,"bde0034e-3b7f-4c27-9014-0610f0680c4b",5,48000,"1.54M",TRUE,FALSE,FALSE,NA,NA,"Fiddle-Pheno",5344,"https://prod.wildtrax.ca/media/aru/bd/e0/03/4e-3b7f-4c27-9014-0610f0680c4b/5698042.flac"
5698051,"flac",67373999,600,NA,NA,2023-07-01 05:33:00,2026-09-03 15:19:34.84317,"/tmp/2078a603-3dfd-4dee-9966-df42f8fb3074/FIDDLE-PHENO_20230701_053300.wav",2,584132,"95a99243-a4ad-4e2c-bb52-586da3419e50",5,48000,"1.54M",TRUE,FALSE,FALSE,NA,NA,"Fiddle-Pheno",5344,"https://prod.wildtrax.ca/media/aru/95/a9/92/43-a4ad-4e2c-bb52-586da3419e50/5698051.flac"
5698043,"flac",66547602,600,NA,NA,2023-06-29 05:32:00,2026-09-03 15:12:27.31515,"/tmp/15176a1a-ebe0-4167-999c-d06c49d75e46/FIDDLE-PHENO_20230629_053200.wav",2,584132,"20df654d-75f4-4fbb-8eef-fc1b8c188e31",5,48000,"1.54M",TRUE,FALSE,FALSE,NA,NA,"Fiddle-Pheno",5344,"https://prod.wildtrax.ca/media/aru/20/df/65/4d-75f4-4fbb-8eef-fc1b8c188e31/5698043.flac"
5698053,"flac",64079793,600,NA,NA,2023-07-02 05:34:00,2026-09-03 15:21:58.332997,"/tmp/85f3dfd8-bdb0-4db0-947c-2523579a9f39/FIDDLE-PHENO_20230702_053400.wav",2,584132,"5702430e-27c8-45ba-8e7f-d02c599f0efa",5,48000,"1.54M",TRUE,FALSE,FALSE,NA,NA,"Fiddle-Pheno",5344,"https://prod.wildtrax.ca/media/aru/57/02/43/0e-27c8-45ba-8e7f-d02c599f0efa/5698053.flac"
5698054,"flac",32088311,300,NA,NA,2023-07-02 06:04:00,2026-09-03 15:22:20.757981,"/tmp/75770f1a-2d6f-412e-b65e-9f16a324be63/FIDDLE-PHENO_20230702_060400.wav",2,584132,"9606bfc1-1b97-4515-9e92-5fade84a2af7",5,48000,"1.54M",TRUE,FALSE,FALSE,NA,NA,"Fiddle-Pheno",5344,"https://prod.wildtrax.ca/media/aru/96/06/bf/c1-1b97-4515-9e92-5fade84a2af7/5698054.flac"
5698046,"flac",33491633,300,NA,NA,2023-06-29 06:02:00,2026-09-03 15:13:33.582826,"/tmp/920e2e59-8bc8-4291-845d-7b5bf0431827/FIDDLE-PHENO_20230629_060200.wav",2,584132,"b8e29dd2-099e-489a-bbe9-c2d929f6c290",5,48000,"1.54M",TRUE,FALSE,FALSE,NA,NA,"Fiddle-Pheno",5344,"https://prod.wildtrax.ca/media/aru/b8/e2/9d/d2-099e-489a-bbe9-c2d929f6c290/5698046.flac"
5698049,"flac",33627721,300,NA,NA,2023-07-01 06:03:00,2026-09-03 15:17:43.025891,"/tmp/0d75158b-39ed-48f4-aa5a-fabcc4a6f316/FIDDLE-PHENO_20230701_060300.wav",2,584132,"e7fe56e8-600a-47eb-b9c8-d6f226d5cf0d",5,48000,"1.54M",TRUE,FALSE,FALSE,NA,NA,"Fiddle-Pheno",5344,"https://prod.wildtrax.ca/media/aru/e7/fe/56/e8-600a-47eb-b9c8-d6f226d5cf0d/5698049.flac"
5698047,"flac",34125801,300,NA,NA,2023-07-01 05:03:00,2026-09-03 15:15:10.836894,"/tmp/9b1ac8a9-7d63-41e8-9b34-c9b0230e67a5/FIDDLE-PHENO_20230701_050300.wav",2,584132,"1e9151a8-c709-466b-a630-3b9990af01a9",5,48000,"1.54M",TRUE,FALSE,FALSE,NA,NA,"Fiddle-Pheno",5344,"https://prod.wildtrax.ca/media/aru/1e/91/51/a8-c709-466b-a630-3b9990af01a9/5698047.flac"
5698048,"flac",33871913,300,NA,NA,2023-06-30 06:03:00,2026-09-03 15:16:48.493527,"/tmp/31e7df93-c1ba-45de-96cb-ad2045503d28/FIDDLE-PHENO_20230630_060300.wav",2,584132,"36fd4c64-1d7b-4b76-a754-9a8007a74445",5,48000,"1.54M",TRUE,FALSE,FALSE,NA,NA,"Fiddle-Pheno",5344,"https://prod.wildtrax.ca/media/aru/36/fd/4c/64-1d7b-4b76-a754-9a8007a74445/5698048.flac"
5698050,"flac",67772363,600,NA,NA,2023-06-30 05:33:00,2026-09-03 15:19:24.443613,"/tmp/c9637293-4fd8-4ef6-89f2-9eb528a30b03/FIDDLE-PHENO_20230630_053300.wav",2,584132,"563082b5-7ca2-42fb-b955-07e8da67e95b",5,48000,"1.54M",TRUE,FALSE,FALSE,NA,NA,"Fiddle-Pheno",5344,"https://prod.wildtrax.ca/media/aru/56/30/82/b5-7ca2-42fb-b955-07e8da67e95b/5698050.flac"
5698052,"flac",32599896,300,NA,NA,2023-07-02 05:04:00,2026-09-03 15:20:10.719159,"/tmp/fb964d29-6682-4bf7-b00a-714a144de8f2/FIDDLE-PHENO_20230702_050400.wav",2,584132,"e5b36986-e073-4a91-8f6d-266cd5d81c3f",5,48000,"1.54M",TRUE,FALSE,FALSE,NA,NA,"Fiddle-Pheno",5344,"https://prod.wildtrax.ca/media/aru/e5/b3/69/86-e073-4a91-8f6d-266cd5d81c3f/5698052.flac"
5707957,"flac",30147560,300,NA,NA,2024-06-11 04:57:00,2026-09-08 15:43:30.212496,"/tmp/fc97e6dd-c880-415b-a2ab-3657d17ad447/FIDDLE-PHENO_20240611_045700.wav",2,584132,"304432e2-6977-45ca-8307-61bcbc005d12",5,48000,"1.54M",TRUE,FALSE,FALSE,NA,NA,"Fiddle-Pheno",5344,"https://prod.wildtrax.ca/media/aru/30/44/32/e2-6977-45ca-8307-61bcbc005d12/5707957.flac"
5707958,"flac",29448103,300,NA,NA,2024-06-10 04:57:00,2026-09-08 15:43:37.233189,"/tmp/7433b4b9-d321-42bb-92f0-2f019fb8d7c3/FIDDLE-PHENO_20240610_045700.wav",2,584132,"44f5ebaa-4783-48bc-80a1-4a8d35992dad",5,48000,"1.54M",TRUE,FALSE,FALSE,NA,NA,"Fiddle-Pheno",5344,"https://prod.wildtrax.ca/media/aru/44/f5/eb/aa-4783-48bc-80a1-4a8d35992dad/5707958.flac"
5707959,"flac",29296202,300,NA,NA,2024-06-10 05:57:00,2026-09-08 15:44:00.543652,"/tmp/a3898ff7-3ed1-4c81-9381-5b4dbf0c9dfb/FIDDLE-PHENO_20240610_055700.wav",2,584132,"cb9320a7-78b9-41a4-9ec2-350724c2ef0b",5,48000,"1.54M",TRUE,FALSE,FALSE,NA,NA,"Fiddle-Pheno",5344,"https://prod.wildtrax.ca/media/aru/cb/93/20/a7-78b9-41a4-9ec2-350724c2ef0b/5707959.flac"
5707960,"flac",59840190,600,NA,NA,2024-06-11 05:27:00,2026-09-08 15:44:32.512791,"/tmp/732b88a1-6aaf-4775-97d2-85e597199ad6/FIDDLE-PHENO_20240611_052700.wav",2,584132,"cef25954-4dcd-49cd-97ed-3de1a8852dfd",5,48000,"1.54M",TRUE,FALSE,FALSE,NA,NA,"Fiddle-Pheno",5344,"https://prod.wildtrax.ca/media/aru/ce/f2/59/54-4dcd-49cd-97ed-3de1a8852dfd/5707960.flac"
5707961,"flac",29856774,300,NA,NA,2024-06-11 05:57:00,2026-09-08 15:44:44.310551,"/tmp/9a450dce-18ad-4502-b989-9f6dead03bad/FIDDLE-PHENO_20240611_055700.wav",2,584132,"8e54151e-df31-41fc-8b5a-7c93c91a50cb",5,48000,"1.54M",TRUE,FALSE,FALSE,NA,NA,"Fiddle-Pheno",5344,"https://prod.wildtrax.ca/media/aru/8e/54/15/1e-df31-41fc-8b5a-7c93c91a50cb/5707961.flac"
5707962,"flac",58824251,600,NA,NA,2024-06-10 05:27:00,2026-09-08 15:44:51.687423,"/tmp/da8f0b2c-4501-4b97-9d95-380b8efb4b33/FIDDLE-PHENO_20240610_052700.wav",2,584132,"ad7ab800-5b39-44e4-97ef-ca4b4a8607f3",5,48000,"1.54M",TRUE,FALSE,FALSE,NA,NA,"Fiddle-Pheno",5344,"https://prod.wildtrax.ca/media/aru/ad/7a/b8/00-5b39-44e4-97ef-ca4b4a8607f3/5707962.flac"
5707963,"flac",29483951,300,NA,NA,2024-06-12 04:57:00,2026-09-08 15:45:21.132311,"/tmp/c8d7dfe3-9f13-4a65-aec6-3b5b1e8b3842/FIDDLE-PHENO_20240612_045700.wav",2,584132,"fdb16736-f0dd-4824-b7a8-9b361d8433cf",5,48000,"1.54M",TRUE,FALSE,FALSE,NA,NA,"Fiddle-Pheno",5344,"https://prod.wildtrax.ca/media/aru/fd/b1/67/36-f0dd-4824-b7a8-9b361d8433cf/5707963.flac"
5707964,"flac",57412853,600,NA,NA,2024-06-12 05:27:00,2026-09-08 15:45:49.082889,"/tmp/83bf1d46-252a-4227-88ef-811af7dc045b/FIDDLE-PHENO_20240612_052700.wav",2,584132,"974ec537-9424-40f0-8ca2-25c680efed78",5,48000,"1.54M",TRUE,FALSE,FALSE,NA,NA,"Fiddle-Pheno",5344,"https://prod.wildtrax.ca/media/aru/97/4e/c5/37-9424-40f0-8ca2-25c680efed78/5707964.flac"
5707965,"flac",28337011,300,NA,NA,2024-06-12 05:57:00,2026-09-08 15:46:34.844466,"/tmp/ff170ba5-75d6-4d0c-9d7b-0701929e2593/FIDDLE-PHENO_20240612_055700.wav",2,584132,"f6c0cf79-1531-421e-ab18-4814ec0f719f",5,48000,"1.54M",TRUE,FALSE,FALSE,NA,NA,"Fiddle-Pheno",5344,"https://prod.wildtrax.ca/media/aru/f6/c0/cf/79-1531-421e-ab18-4814ec0f719f/5707965.flac"
5707966,"flac",29293544,300,NA,NA,2024-06-13 04:57:00,2026-09-08 15:46:34.946642,"/tmp/26d27761-7ab3-43d1-855e-de35fce4ea18/FIDDLE-PHENO_20240613_045700.wav",2,584132,"6a1a6374-9f57-4ec6-a10c-75dafe255a9c",5,48000,"1.54M",TRUE,FALSE,FALSE,NA,NA,"Fiddle-Pheno",5344,"https://prod.wildtrax.ca/media/aru/6a/1a/63/74-9f57-4ec6-a10c-75dafe255a9c/5707966.flac"
5707967,"flac",29100433,300,NA,NA,2024-06-13 05:57:00,2026-09-08 15:46:35.399956,"/tmp/ba5e9463-9a94-4702-9eed-b95450693223/FIDDLE-PHENO_20240613_055700.wav",2,584132,"3a58bb0f-e4ea-4e79-8c45-1eccb4597540",5,48000,"1.54M",TRUE,FALSE,FALSE,NA,NA,"Fiddle-Pheno",5344,"https://prod.wildtrax.ca/media/aru/3a/58/bb/0f-e4ea-4e79-8c45-1eccb4597540/5707967.flac"
5707968,"flac",58075519,600,NA,NA,2024-06-13 05:27:00,2026-09-08 15:47:06.025835,"/tmp/72174399-a70c-41e5-85bf-ac218dc4ffa2/FIDDLE-PHENO_20240613_052700.wav",2,584132,"4c08c30f-32b3-49e5-8e1d-06c72cfef5d6",5,48000,"1.54M",TRUE,FALSE,FALSE,NA,NA,"Fiddle-Pheno",5344,"https://prod.wildtrax.ca/media/aru/4c/08/c3/0f-32b3-49e5-8e1d-06c72cfef5d6/5707968.flac"
5707969,"flac",29636218,300,NA,NA,2024-06-14 04:56:00,2026-09-08 15:47:08.594014,"/tmp/42298730-0397-490f-ac8f-215fc18134a6/FIDDLE-PHENO_20240614_045600.wav",2,584132,"00c70813-a99f-4e3e-9077-981aea9f90f5",5,48000,"1.54M",TRUE,FALSE,FALSE,NA,NA,"Fiddle-Pheno",5344,"https://prod.wildtrax.ca/media/aru/00/c7/08/13-a99f-4e3e-9077-981aea9f90f5/5707969.flac"
5707970,"flac",29364004,300,NA,NA,2024-06-14 05:56:00,2026-09-08 15:47:13.658393,"/tmp/5ee53c9b-a065-44d9-9e99-83d1a922885c/FIDDLE-PHENO_20240614_055600.wav",2,584132,"f3a42c86-b2f7-433b-9a11-145abd6ac5d0",5,48000,"1.54M",TRUE,FALSE,FALSE,NA,NA,"Fiddle-Pheno",5344,"https://prod.wildtrax.ca/media/aru/f3/a4/2c/86-b2f7-433b-9a11-145abd6ac5d0/5707970.flac"
5707971,"flac",29140745,300,NA,NA,2024-06-15 04:56:00,2026-09-08 15:47:57.238064,"/tmp/a5b54cdb-dfdb-4bae-bcdd-005736b4c33d/FIDDLE-PHENO_20240615_045600.wav",2,584132,"f109e2c0-1624-4beb-a0de-526b694699a1",5,48000,"1.54M",TRUE,FALSE,FALSE,NA,NA,"Fiddle-Pheno",5344,"https://prod.wildtrax.ca/media/aru/f1/09/e2/c0-1624-4beb-a0de-526b694699a1/5707971.flac"
5707973,"flac",28927593,300,NA,NA,2024-06-15 05:56:00,2026-09-08 15:48:10.816128,"/tmp/54888e30-96bd-4cea-9e58-7bebeb2baaea/FIDDLE-PHENO_20240615_055600.wav",2,584132,"bbf90120-cd45-4e25-a3c0-21a8a5beed00",5,48000,"1.54M",TRUE,FALSE,FALSE,NA,NA,"Fiddle-Pheno",5344,"https://prod.wildtrax.ca/media/aru/bb/f9/01/20-cd45-4e25-a3c0-21a8a5beed00/5707973.flac"
5707972,"flac",59027969,600,NA,NA,2024-06-14 05:26:00,2026-09-08 15:47:58.766424,"/tmp/6e495ccc-9d5d-4bc7-ab80-87bdc5d8d55d/FIDDLE-PHENO_20240614_052600.wav",2,584132,"dae4fc0c-09ef-4879-b638-97971e821ef3",5,48000,"1.54M",TRUE,FALSE,FALSE,NA,NA,"Fiddle-Pheno",5344,"https://prod.wildtrax.ca/media/aru/da/e4/fc/0c-09ef-4879-b638-97971e821ef3/5707972.flac"
5707974,"flac",28734902,300,NA,NA,2024-06-16 04:56:00,2026-09-08 15:48:57.35129,"/tmp/4874a837-16b0-4228-8a6c-8cd010690106/FIDDLE-PHENO_20240616_045600.wav",2,584132,"83d7eb07-7758-4969-b84d-2a22ec6c53bd",5,48000,"1.54M",TRUE,FALSE,FALSE,NA,NA,"Fiddle-Pheno",5344,"https://prod.wildtrax.ca/media/aru/83/d7/eb/07-7758-4969-b84d-2a22ec6c53bd/5707974.flac"
5707975,"flac",57786866,600,NA,NA,2024-06-15 05:26:00,2026-09-08 15:48:59.100891,"/tmp/9e9d55cc-3992-446d-b4b3-5e7ded7e4a7d/FIDDLE-PHENO_20240615_052600.wav",2,584132,"d519748d-24ba-4c20-90c9-b61a052614e8",5,48000,"1.54M",TRUE,FALSE,FALSE,NA,NA,"Fiddle-Pheno",5344,"https://prod.wildtrax.ca/media/aru/d5/19/74/8d-24ba-4c20-90c9-b61a052614e8/5707975.flac"
5707976,"flac",28410743,300,NA,NA,2024-06-16 05:56:00,2026-09-08 15:49:07.448501,"/tmp/630fe298-4fea-4e69-8012-98b4181905a2/FIDDLE-PHENO_20240616_055600.wav",2,584132,"ce120873-5e78-4846-985b-ec122c117fbb",5,48000,"1.54M",TRUE,FALSE,FALSE,NA,NA,"Fiddle-Pheno",5344,"https://prod.wildtrax.ca/media/aru/ce/12/08/73-5e78-4846-985b-ec122c117fbb/5707976.flac"
5707977,"flac",28502566,300,NA,NA,2024-06-17 04:56:00,2026-09-08 15:49:43.421535,"/tmp/66ee52dc-ce23-4fe4-9aed-1e551d708c3e/FIDDLE-PHENO_20240617_045600.wav",2,584132,"ca30212a-5531-474d-a847-39d82f3c12bb",5,48000,"1.54M",TRUE,FALSE,FALSE,NA,NA,"Fiddle-Pheno",5344,"https://prod.wildtrax.ca/media/aru/ca/30/21/2a-5531-474d-a847-39d82f3c12bb/5707977.flac"
5707978,"flac",57287315,600,NA,NA,2024-06-16 05:26:00,2026-09-08 15:49:49.723937,"/tmp/4233e05d-bae3-4c07-8c06-eb81dea14a8b/FIDDLE-PHENO_20240616_052600.wav",2,584132,"acbfdba2-a6b3-4862-8a02-98552d1dd9fc",5,48000,"1.54M",TRUE,FALSE,FALSE,NA,NA,"Fiddle-Pheno",5344,"https://prod.wildtrax.ca/media/aru/ac/bf/db/a2-a6b3-4862-8a02-98552d1dd9fc/5707978.flac"
5707979,"flac",28705061,300,NA,NA,2024-06-17 05:56:00,2026-09-08 15:49:51.546098,"/tmp/cf4694fd-f24d-4498-8bc7-d3c44208a3c6/FIDDLE-PHENO_20240617_055600.wav",2,584132,"d085dc53-399d-4fa6-9a62-6c6c137ba357",5,48000,"1.54M",TRUE,FALSE,FALSE,NA,NA,"Fiddle-Pheno",5344,"https://prod.wildtrax.ca/media/aru/d0/85/dc/53-399d-4fa6-9a62-6c6c137ba357/5707979.flac"
5707980,"flac",56716660,600,NA,NA,2024-06-17 05:26:00,2026-09-08 15:50:10.77332,"/tmp/972e6bcb-399e-404a-9727-aa5a1b83d223/FIDDLE-PHENO_20240617_052600.wav",2,584132,"a374bbe4-8b2d-4e37-8b3a-959f67c70117",5,48000,"1.54M",TRUE,FALSE,FALSE,NA,NA,"Fiddle-Pheno",5344,"https://prod.wildtrax.ca/media/aru/a3/74/bb/e4-8b2d-4e37-8b3a-959f67c70117/5707980.flac"
5707981,"flac",28261683,300,NA,NA,2024-06-18 04:56:00,2026-09-08 15:50:18.413354,"/tmp/4b903bf7-83aa-434d-ae65-8be3b76f19dd/FIDDLE-PHENO_20240618_045600.wav",2,584132,"b790d339-81ce-4090-8970-ec5316fe1273",5,48000,"1.54M",TRUE,FALSE,FALSE,NA,NA,"Fiddle-Pheno",5344,"https://prod.wildtrax.ca/media/aru/b7/90/d3/39-81ce-4090-8970-ec5316fe1273/5707981.flac"
5707982,"flac",28286284,300,NA,NA,2024-06-18 05:56:00,2026-09-08 15:50:36.547873,"/tmp/4e2561e8-f54d-438f-9d49-b798f4cd6986/FIDDLE-PHENO_20240618_055600.wav",2,584132,"2ea819c0-f1bd-44bd-b687-a0406dc9072a",5,48000,"1.54M",TRUE,FALSE,FALSE,NA,NA,"Fiddle-Pheno",5344,"https://prod.wildtrax.ca/media/aru/2e/a8/19/c0-f1bd-44bd-b687-a0406dc9072a/5707982.flac"
5707984,"flac",56445884,600,NA,NA,2024-06-18 05:26:00,2026-09-08 15:51:06.240876,"/tmp/225b7cb2-a5fd-4b1c-bfb4-d622b980a649/FIDDLE-PHENO_20240618_052600.wav",2,584132,"38b81ba3-75b5-459d-9b53-9cabc9061688",5,48000,"1.54M",TRUE,FALSE,FALSE,NA,NA,"Fiddle-Pheno",5344,"https://prod.wildtrax.ca/media/aru/38/b8/1b/a3-75b5-459d-9b53-9cabc9061688/5707984.flac"
5707985,"flac",28413746,300,NA,NA,2024-06-19 05:56:00,2026-09-08 15:51:15.92948,"/tmp/4a1cd146-6b28-4b5b-8422-c0a464f290ea/FIDDLE-PHENO_20240619_055600.wav",2,584132,"102d0dfa-eef5-4499-9b86-e990e8b57bda",5,48000,"1.54M",TRUE,FALSE,FALSE,NA,NA,"Fiddle-Pheno",5344,"https://prod.wildtrax.ca/media/aru/10/2d/0d/fa-eef5-4499-9b86-e990e8b57bda/5707985.flac"
5707986,"flac",56799091,600,NA,NA,2024-06-19 05:26:00,2026-09-08 15:51:17.897576,"/tmp/b2e79ac6-81f8-4aff-86e8-5bfb7fa8311d/FIDDLE-PHENO_20240619_052600.wav",2,584132,"2ae3f37e-64fd-47c6-98ad-d49edf7ebe1c",5,48000,"1.54M",TRUE,FALSE,FALSE,NA,NA,"Fiddle-Pheno",5344,"https://prod.wildtrax.ca/media/aru/2a/e3/f3/7e-64fd-47c6-98ad-d49edf7ebe1c/5707986.flac"
5707983,"flac",28495077,300,NA,NA,2024-06-19 04:56:00,2026-09-08 15:50:58.855699,"/tmp/4d7a11fc-a17a-4100-a06a-27f8726aee4e/FIDDLE-PHENO_20240619_045600.wav",2,584132,"13ef7e7a-ce1c-4019-8aff-822769d34264",5,48000,"1.54M",TRUE,FALSE,FALSE,NA,NA,"Fiddle-Pheno",5344,"https://prod.wildtrax.ca/media/aru/13/ef/7e/7a-ce1c-4019-8aff-822769d34264/5707983.flac"
5707991,"flac",29478779,300,NA,NA,2024-06-21 05:57:00,2026-09-08 15:52:21.126316,"/tmp/6f6eb072-3b69-4fe8-9a40-fc1d0cbf3941/FIDDLE-PHENO_20240621_055700.wav",2,584132,"3673ed2f-6af9-416a-b2bb-cf20a7a6252d",5,48000,"1.54M",TRUE,FALSE,FALSE,NA,NA,"Fiddle-Pheno",5344,"https://prod.wildtrax.ca/media/aru/36/73/ed/2f-6af9-416a-b2bb-cf20a7a6252d/5707991.flac"
5707994,"flac",58812646,600,NA,NA,2024-06-21 05:27:00,2026-09-08 15:53:07.844372,"/tmp/d235ec2c-0a63-4f46-8b4d-2067fcfdcc15/FIDDLE-PHENO_20240621_052700.wav",2,584132,"5028f549-006b-4a54-a0c4-d15274e1eb76",5,48000,"1.54M",TRUE,FALSE,FALSE,NA,NA,"Fiddle-Pheno",5344,"https://prod.wildtrax.ca/media/aru/50/28/f5/49-006b-4a54-a0c4-d15274e1eb76/5707994.flac"
5707987,"flac",28480994,300,NA,NA,2024-06-20 04:57:00,2026-09-08 15:51:42.698598,"/tmp/9adfca2f-f05a-47e5-a393-51e4ddcd4019/FIDDLE-PHENO_20240620_045700.wav",2,584132,"343d40b0-aa8a-4ba6-b31e-f9e726ca6da5",5,48000,"1.54M",TRUE,FALSE,FALSE,NA,NA,"Fiddle-Pheno",5344,"https://prod.wildtrax.ca/media/aru/34/3d/40/b0-aa8a-4ba6-b31e-f9e726ca6da5/5707987.flac"
5707988,"flac",29539594,300,NA,NA,2024-06-21 04:57:00,2026-09-08 15:51:50.078845,"/tmp/470b73d2-c28a-43cc-98a0-d50ab9379d7a/FIDDLE-PHENO_20240621_045700.wav",2,584132,"a531e598-d632-4753-8b21-de1224bbf29c",5,48000,"1.54M",TRUE,FALSE,FALSE,NA,NA,"Fiddle-Pheno",5344,"https://prod.wildtrax.ca/media/aru/a5/31/e5/98-d632-4753-8b21-de1224bbf29c/5707988.flac"
5707993,"flac",30586520,300,NA,NA,2024-06-22 05:57:00,2026-09-08 15:53:07.235042,"/tmp/a501a9da-4f46-48d8-9c63-4ebe26e68a36/FIDDLE-PHENO_20240622_055700.wav",2,584132,"855a606c-8edf-4d52-9aca-595a8a896e51",5,48000,"1.54M",TRUE,FALSE,FALSE,NA,NA,"Fiddle-Pheno",5344,"https://prod.wildtrax.ca/media/aru/85/5a/60/6c-8edf-4d52-9aca-595a8a896e51/5707993.flac"
5707995,"flac",60931544,600,NA,NA,2024-06-22 05:27:00,2026-09-08 15:53:11.630373,"/tmp/23972d55-82e7-4294-b6b1-3f3e66bf3de4/FIDDLE-PHENO_20240622_052700.wav",2,584132,"61a6b2d0-97f8-4360-a24b-1e9aabd6b391",5,48000,"1.54M",TRUE,FALSE,FALSE,NA,NA,"Fiddle-Pheno",5344,"https://prod.wildtrax.ca/media/aru/61/a6/b2/d0-97f8-4360-a24b-1e9aabd6b391/5707995.flac"
5707997,"flac",28077215,300,NA,NA,2024-06-24 04:58:00,2026-09-08 15:53:48.946113,"/tmp/e45ec84e-128d-4f2f-8f84-23c0a942543a/FIDDLE-PHENO_20240624_045800.wav",2,584132,"87e8b2b7-ecf5-41b5-8cea-cf980515a20f",5,48000,"1.54M",TRUE,FALSE,FALSE,NA,NA,"Fiddle-Pheno",5344,"https://prod.wildtrax.ca/media/aru/87/e8/b2/b7-ecf5-41b5-8cea-cf980515a20f/5707997.flac"
5708001,"flac",28826170,300,NA,NA,2024-06-24 05:58:00,2026-09-08 15:55:38.816584,"/tmp/58e72350-28ba-4fd1-9ebf-dd833ad8610c/FIDDLE-PHENO_20240624_055800.wav",2,584132,"b95b444e-16dc-4904-9b2c-53db1a536c9b",5,48000,"1.54M",TRUE,FALSE,FALSE,NA,NA,"Fiddle-Pheno",5344,"https://prod.wildtrax.ca/media/aru/b9/5b/44/4e-16dc-4904-9b2c-53db1a536c9b/5708001.flac"
5708003,"flac",29740239,300,NA,NA,2024-06-26 04:59:00,2026-09-08 15:56:17.983366,"/tmp/b1dbc906-8cdd-43e9-b473-b05e2793c0d3/FIDDLE-PHENO_20240626_045900.wav",2,584132,"81da02aa-0ab3-40de-840d-8f215eff4a81",5,48000,"1.54M",TRUE,FALSE,FALSE,NA,NA,"Fiddle-Pheno",5344,"https://prod.wildtrax.ca/media/aru/81/da/02/aa-0ab3-40de-840d-8f215eff4a81/5708003.flac"
5707989,"flac",28410012,300,NA,NA,2024-06-20 05:57:00,2026-09-08 15:51:53.575269,"/tmp/44b8471f-cc05-42ab-ac7a-45e5839200cf/FIDDLE-PHENO_20240620_055700.wav",2,584132,"8cf4fddc-e414-468f-88a9-1b05ad0a31a7",5,48000,"1.54M",TRUE,FALSE,FALSE,NA,NA,"Fiddle-Pheno",5344,"https://prod.wildtrax.ca/media/aru/8c/f4/fd/dc-e414-468f-88a9-1b05ad0a31a7/5707989.flac"
5707992,"flac",30852976,300,NA,NA,2024-06-22 04:57:00,2026-09-08 15:52:26.748907,"/tmp/beac81f2-7c1b-452c-97fe-f31c2819e069/FIDDLE-PHENO_20240622_045700.wav",2,584132,"cb63347f-eec9-4501-8276-0e815ba75b01",5,48000,"1.54M",TRUE,FALSE,FALSE,NA,NA,"Fiddle-Pheno",5344,"https://prod.wildtrax.ca/media/aru/cb/63/34/7f-eec9-4501-8276-0e815ba75b01/5707992.flac"
5707996,"flac",27888904,300,NA,NA,2024-06-23 04:57:00,2026-09-08 15:53:21.993394,"/tmp/f7abe41a-6305-41ab-b6b5-55bc90f6c79f/FIDDLE-PHENO_20240623_045700.wav",2,584132,"51dc6880-e817-4e61-b03c-10bbfe687c0d",5,48000,"1.54M",TRUE,FALSE,FALSE,NA,NA,"Fiddle-Pheno",5344,"https://prod.wildtrax.ca/media/aru/51/dc/68/80-e817-4e61-b03c-10bbfe687c0d/5707996.flac"
5707999,"flac",60100650,600,NA,NA,2024-06-23 05:27:00,2026-09-08 15:55:35.067485,"/tmp/0ea3b3ca-bfb8-47bb-9cb8-69038a863a6f/FIDDLE-PHENO_20240623_052700.wav",2,584132,"461529e5-afaa-40e7-8893-b4dc89247265",5,48000,"1.54M",TRUE,FALSE,FALSE,NA,NA,"Fiddle-Pheno",5344,"https://prod.wildtrax.ca/media/aru/46/15/29/e5-afaa-40e7-8893-b4dc89247265/5707999.flac"
5708002,"flac",51310471,600,NA,NA,2024-06-24 05:28:00,2026-09-08 15:55:45.713881,"/tmp/3e315a5b-6020-4e20-80a8-792031c95ad3/FIDDLE-PHENO_20240624_052800.wav",2,584132,"468ffefa-e621-49ba-97d7-dca3b4080606",5,48000,"1.54M",TRUE,FALSE,FALSE,NA,NA,"Fiddle-Pheno",5344,"https://prod.wildtrax.ca/media/aru/46/8f/fe/fa-e621-49ba-97d7-dca3b4080606/5708002.flac"
5708007,"flac",30369060,300,NA,NA,2024-06-27 04:59:00,2026-09-08 15:57:41.614811,"/tmp/b0374b5f-25c3-4a2b-866f-99eeb571bccc/FIDDLE-PHENO_20240627_045900.wav",2,584132,"ac4769c4-6d62-49c1-a798-0fe58e7d46c4",5,48000,"1.54M",TRUE,FALSE,FALSE,NA,NA,"Fiddle-Pheno",5344,"https://prod.wildtrax.ca/media/aru/ac/47/69/c4-6d62-49c1-a798-0fe58e7d46c4/5708007.flac"
5708008,"flac",58779437,600,NA,NA,2024-06-25 05:28:00,2026-09-08 15:57:46.096179,"/tmp/425680f7-9a7c-49f1-b6ca-df30347f7577/FIDDLE-PHENO_20240625_052800.wav",2,584132,"23961b6f-6d10-4ec1-8d22-889e8b47ca07",5,48000,"1.54M",TRUE,FALSE,FALSE,NA,NA,"Fiddle-Pheno",5344,"https://prod.wildtrax.ca/media/aru/23/96/1b/6f-6d10-4ec1-8d22-889e8b47ca07/5708008.flac"
5708010,"flac",30398965,300,NA,NA,2024-06-27 05:59:00,2026-09-08 15:58:26.509715,"/tmp/ef975a9a-b7b1-42e5-ae8f-5eeef3e3dee0/FIDDLE-PHENO_20240627_055900.wav",2,584132,"ac3a32ed-983b-4d4b-afd9-9aa699fa6e5b",5,48000,"1.54M",TRUE,FALSE,FALSE,NA,NA,"Fiddle-Pheno",5344,"https://prod.wildtrax.ca/media/aru/ac/3a/32/ed-983b-4d4b-afd9-9aa699fa6e5b/5708010.flac"
5708013,"flac",31574879,300,NA,NA,2024-06-28 06:00:00,2026-09-08 15:59:24.831098,"/tmp/1f607e8d-aabd-4917-8649-3cedc70da7b3/FIDDLE-PHENO_20240628_060000.wav",2,584132,"c750ae38-f929-4993-b365-2405b99489a4",5,48000,"1.54M",TRUE,FALSE,FALSE,NA,NA,"Fiddle-Pheno",5344,"https://prod.wildtrax.ca/media/aru/c7/50/ae/38-f929-4993-b365-2405b99489a4/5708013.flac"
5708015,"flac",30373824,300,NA,NA,2024-06-29 05:00:00,2026-09-08 16:00:02.046005,"/tmp/2ba079d8-2e8f-4006-a81a-abf759e01006/FIDDLE-PHENO_20240629_050000.wav",2,584132,"76775825-a1ca-49a8-94b3-b42abee0235b",5,48000,"1.54M",TRUE,FALSE,FALSE,NA,NA,"Fiddle-Pheno",5344,"https://prod.wildtrax.ca/media/aru/76/77/58/25-a1ca-49a8-94b3-b42abee0235b/5708015.flac"
5708018,"flac",60930439,600,NA,NA,2024-06-29 05:30:00,2026-09-08 16:01:24.801971,"/tmp/2d1b60f9-7ed6-451a-b8de-84b9f605d4f0/FIDDLE-PHENO_20240629_053000.wav",2,584132,"1b62113f-87e4-4e85-a13b-0a18585bed38",5,48000,"1.54M",TRUE,FALSE,FALSE,NA,NA,"Fiddle-Pheno",5344,"https://prod.wildtrax.ca/media/aru/1b/62/11/3f-87e4-4e85-a13b-0a18585bed38/5708018.flac"
5708020,"flac",31673427,300,NA,NA,2024-07-01 05:02:00,2026-09-08 16:02:01.295266,"/tmp/bad92252-5c2c-4c54-8646-ffbf493ac9d0/FIDDLE-PHENO_20240701_050200.wav",2,584132,"a3e54dff-b054-44f5-83a7-19ee441ca3f9",5,48000,"1.54M",TRUE,FALSE,FALSE,NA,NA,"Fiddle-Pheno",5344,"https://prod.wildtrax.ca/media/aru/a3/e5/4d/ff-b054-44f5-83a7-19ee441ca3f9/5708020.flac"
5708023,"flac",29646444,300,NA,NA,2024-07-02 05:03:00,2026-09-08 16:03:48.90284,"/tmp/6effccb5-d392-409f-b273-e5b336bf6e25/FIDDLE-PHENO_20240702_050300.wav",2,584132,"c2a66f04-f269-4943-891c-b2f5bfb2c823",5,48000,"1.54M",TRUE,FALSE,FALSE,NA,NA,"Fiddle-Pheno",5344,"https://prod.wildtrax.ca/media/aru/c2/a6/6f/04-f269-4943-891c-b2f5bfb2c823/5708023.flac"
5707990,"flac",56788909,600,NA,NA,2024-06-20 05:27:00,2026-09-08 15:52:19.227067,"/tmp/00617ed3-e490-4a77-ba5f-d23916d36b0d/FIDDLE-PHENO_20240620_052700.wav",2,584132,"0c70785f-8c67-43ba-ba7a-0c2a59f34f46",5,48000,"1.54M",TRUE,FALSE,FALSE,NA,NA,"Fiddle-Pheno",5344,"https://prod.wildtrax.ca/media/aru/0c/70/78/5f-8c67-43ba-ba7a-0c2a59f34f46/5707990.flac"
5707998,"flac",28956128,300,NA,NA,2024-06-23 05:57:00,2026-09-08 15:53:53.634065,"/tmp/b3943bc1-364b-4135-9a4c-81839b55cba3/FIDDLE-PHENO_20240623_055700.wav",2,584132,"ef1b5adb-7587-4687-8b6d-a9aa45d727af",5,48000,"1.54M",TRUE,FALSE,FALSE,NA,NA,"Fiddle-Pheno",5344,"https://prod.wildtrax.ca/media/aru/ef/1b/5a/db-7587-4687-8b6d-a9aa45d727af/5707998.flac"
5708004,"flac",29290145,300,NA,NA,2024-06-25 05:58:00,2026-09-08 15:56:44.888552,"/tmp/142cac19-000d-4969-830b-9cef9d9d327b/FIDDLE-PHENO_20240625_055800.wav",2,584132,"66e39f9f-065b-49d7-a88c-923078237598",5,48000,"1.54M",TRUE,FALSE,FALSE,NA,NA,"Fiddle-Pheno",5344,"https://prod.wildtrax.ca/media/aru/66/e3/9f/9f-065b-49d7-a88c-923078237598/5708004.flac"
5708006,"flac",59170177,600,NA,NA,2024-06-26 05:29:00,2026-09-08 15:57:34.633786,"/tmp/b85d0b71-5637-4496-b446-35a418518847/FIDDLE-PHENO_20240626_052900.wav",2,584132,"cabd8306-3099-4728-876c-6ee547ad4935",5,48000,"1.54M",TRUE,FALSE,FALSE,NA,NA,"Fiddle-Pheno",5344,"https://prod.wildtrax.ca/media/aru/ca/bd/83/06-3099-4728-876c-6ee547ad4935/5708006.flac"
5708009,"flac",60605306,600,NA,NA,2024-06-27 05:29:00,2026-09-08 15:58:17.309608,"/tmp/ae9fd4dd-7711-4659-a874-ebc4df8b8371/FIDDLE-PHENO_20240627_052900.wav",2,584132,"48b0c2c5-fe83-458d-ac04-65d59f9b2dec",5,48000,"1.54M",TRUE,FALSE,FALSE,NA,NA,"Fiddle-Pheno",5344,"https://prod.wildtrax.ca/media/aru/48/b0/c2/c5-fe83-458d-ac04-65d59f9b2dec/5708009.flac"
5708011,"flac",31714858,300,NA,NA,2024-06-28 05:00:00,2026-09-08 15:58:38.174492,"/tmp/f7b19065-a3cc-44f3-983a-0c4edb92ae34/FIDDLE-PHENO_20240628_050000.wav",2,584132,"45253165-7c2c-4eaf-9a97-50b1620aac21",5,48000,"1.54M",TRUE,FALSE,FALSE,NA,NA,"Fiddle-Pheno",5344,"https://prod.wildtrax.ca/media/aru/45/25/31/65-7c2c-4eaf-9a97-50b1620aac21/5708011.flac"
5708014,"flac",5417165,54,NA,NA,2024-06-29 17:00:02,2026-09-08 15:59:41.732974,"/tmp/6393dbc5-ecd1-45a3-818e-713c962b6b0f/FIDDLE-PHENO_20240629_170002.wav",2,584132,"00a756b4-78a7-4966-95b9-1fb0fbcb0ea3",5,48000,"1.54M",TRUE,FALSE,FALSE,NA,NA,"Fiddle-Pheno",5344,"https://prod.wildtrax.ca/media/aru/00/a7/56/b4-78a7-4966-95b9-1fb0fbcb0ea3/5708014.flac"
5708016,"flac",30556219,300,NA,NA,2024-06-29 06:00:00,2026-09-08 16:00:47.123742,"/tmp/77ac98a5-0a0e-4fa3-93a8-5fef4b46d867/FIDDLE-PHENO_20240629_060000.wav",2,584132,"be63422e-8e80-42af-9127-0ce7f3123dfa",5,48000,"1.54M",TRUE,FALSE,FALSE,NA,NA,"Fiddle-Pheno",5344,"https://prod.wildtrax.ca/media/aru/be/63/42/2e-8e80-42af-9127-0ce7f3123dfa/5708016.flac"
5708017,"flac",30430081,300,NA,NA,2024-06-30 05:01:00,2026-09-08 16:01:06.97643,"/tmp/d9a4eb6f-9c78-4e97-90d7-94128b8349b1/FIDDLE-PHENO_20240630_050100.wav",2,584132,"e7d70136-f0c9-4988-94ae-c636cd75dbca",5,48000,"1.54M",TRUE,FALSE,FALSE,NA,NA,"Fiddle-Pheno",5344,"https://prod.wildtrax.ca/media/aru/e7/d7/01/36-f0c9-4988-94ae-c636cd75dbca/5708017.flac"
5708021,"flac",60460781,600,NA,NA,2024-06-30 05:31:00,2026-09-08 16:02:11.359185,"/tmp/d3271f09-a125-41ba-9cbf-457eda66a7aa/FIDDLE-PHENO_20240630_053100.wav",2,584132,"a504ec74-30a9-4789-806a-5f0ff2daef8c",5,48000,"1.54M",TRUE,FALSE,FALSE,NA,NA,"Fiddle-Pheno",5344,"https://prod.wildtrax.ca/media/aru/a5/04/ec/74-30a9-4789-806a-5f0ff2daef8c/5708021.flac"
5708022,"flac",31631315,300,NA,NA,2024-07-01 06:02:00,2026-09-08 16:02:55.024245,"/tmp/675c8282-bc08-4a08-b04d-df55146b9258/FIDDLE-PHENO_20240701_060200.wav",2,584132,"7df26fa4-37b3-40b8-9576-658646faf905",5,48000,"1.54M",TRUE,FALSE,FALSE,NA,NA,"Fiddle-Pheno",5344,"https://prod.wildtrax.ca/media/aru/7d/f2/6f/a4-37b3-40b8-9576-658646faf905/5708022.flac"
5708028,"flac",30093688,300,NA,NA,2024-07-04 05:04:00,2026-09-08 16:05:29.866171,"/tmp/030aa2a4-7b8f-465e-8ca2-353ad472f4f0/FIDDLE-PHENO_20240704_050400.wav",2,584132,"8223681a-75e8-48dc-b8b6-7909a8a39c25",5,48000,"1.54M",TRUE,FALSE,FALSE,NA,NA,"Fiddle-Pheno",5344,"https://prod.wildtrax.ca/media/aru/82/23/68/1a-75e8-48dc-b8b6-7909a8a39c25/5708028.flac"
5708000,"flac",29554878,300,NA,NA,2024-06-25 04:58:00,2026-09-08 15:55:38.404039,"/tmp/f9c5549b-c1e6-4f22-8c57-200d5f8c346b/FIDDLE-PHENO_20240625_045800.wav",2,584132,"b9559dce-1806-4640-ad8b-b537fd0bfb42",5,48000,"1.54M",TRUE,FALSE,FALSE,NA,NA,"Fiddle-Pheno",5344,"https://prod.wildtrax.ca/media/aru/b9/55/9d/ce-1806-4640-ad8b-b537fd0bfb42/5708000.flac"
5708005,"flac",29656975,300,NA,NA,2024-06-26 05:59:00,2026-09-08 15:56:51.286034,"/tmp/37db64cd-2060-48f6-bcc7-99ec70f9e4ef/FIDDLE-PHENO_20240626_055900.wav",2,584132,"efb9d6c6-e065-4fc6-ac7d-ae05d03a215d",5,48000,"1.54M",TRUE,FALSE,FALSE,NA,NA,"Fiddle-Pheno",5344,"https://prod.wildtrax.ca/media/aru/ef/b9/d6/c6-e065-4fc6-ac7d-ae05d03a215d/5708005.flac"
5708012,"flac",63111789,600,NA,NA,2024-06-28 05:30:00,2026-09-08 15:59:17.655737,"/tmp/483a10d9-db0f-4a1d-99ea-fe9da6ef4de9/FIDDLE-PHENO_20240628_053000.wav",2,584132,"c10051b6-0091-45a2-be38-92091fcd029b",5,48000,"1.54M",TRUE,FALSE,FALSE,NA,NA,"Fiddle-Pheno",5344,"https://prod.wildtrax.ca/media/aru/c1/00/51/b6-0091-45a2-be38-92091fcd029b/5708012.flac"
5708019,"flac",30119928,300,NA,NA,2024-06-30 06:01:00,2026-09-08 16:01:51.225038,"/tmp/114a01f8-635d-4d4b-bd30-8375115e0380/FIDDLE-PHENO_20240630_060100.wav",2,584132,"58eab64e-b02b-4f0b-968c-275a64c2305b",5,48000,"1.54M",TRUE,FALSE,FALSE,NA,NA,"Fiddle-Pheno",5344,"https://prod.wildtrax.ca/media/aru/58/ea/b6/4e-b02b-4f0b-968c-275a64c2305b/5708019.flac"
5708025,"flac",29611849,300,NA,NA,2024-07-02 06:03:00,2026-09-08 16:04:21.745294,"/tmp/118b8b8f-56f2-4a9e-a5f3-43e34b2b8a8d/FIDDLE-PHENO_20240702_060300.wav",2,584132,"7cea132c-4623-45cb-bcc4-4e722155b4bf",5,48000,"1.54M",TRUE,FALSE,FALSE,NA,NA,"Fiddle-Pheno",5344,"https://prod.wildtrax.ca/media/aru/7c/ea/13/2c-4623-45cb-bcc4-4e722155b4bf/5708025.flac"
5708026,"flac",59271821,600,NA,NA,2024-07-02 05:33:00,2026-09-08 16:04:24.6868,"/tmp/a2164434-e09d-4607-b441-5214cab19a67/FIDDLE-PHENO_20240702_053300.wav",2,584132,"b55846c6-a252-4b87-9377-23e9086d90ff",5,48000,"1.54M",TRUE,FALSE,FALSE,NA,NA,"Fiddle-Pheno",5344,"https://prod.wildtrax.ca/media/aru/b5/58/46/c6-a252-4b87-9377-23e9086d90ff/5708026.flac"
5708029,"flac",30587916,300,NA,NA,2024-07-03 06:03:00,2026-09-08 16:05:32.368462,"/tmp/715a2ef4-5f99-4d43-830b-a443bc72a090/FIDDLE-PHENO_20240703_060300.wav",2,584132,"2aa3d4f6-9848-4f89-b241-519bbf981429",5,48000,"1.54M",TRUE,FALSE,FALSE,NA,NA,"Fiddle-Pheno",5344,"https://prod.wildtrax.ca/media/aru/2a/a3/d4/f6-9848-4f89-b241-519bbf981429/5708029.flac"
5708024,"flac",63106931,600,NA,NA,2024-07-01 05:32:00,2026-09-08 16:04:11.549289,"/tmp/7547396d-6ccb-4f02-9f66-2032f3752329/FIDDLE-PHENO_20240701_053200.wav",2,584132,"b7a8d459-b5f8-4cff-86a4-ce6ad4769d32",5,48000,"1.54M",TRUE,FALSE,FALSE,NA,NA,"Fiddle-Pheno",5344,"https://prod.wildtrax.ca/media/aru/b7/a8/d4/59-b5f8-4cff-86a4-ce6ad4769d32/5708024.flac"
5708027,"flac",30581488,300,NA,NA,2024-07-03 05:03:00,2026-09-08 16:04:49.055031,"/tmp/4131658f-1075-43dd-bd9b-98524875afc6/FIDDLE-PHENO_20240703_050300.wav",2,584132,"fc7a8989-82b4-414a-ab63-54e858606422",5,48000,"1.54M",TRUE,FALSE,FALSE,NA,NA,"Fiddle-Pheno",5344,"https://prod.wildtrax.ca/media/aru/fc/7a/89/89-82b4-414a-ab63-54e858606422/5708027.flac"
5708030,"flac",62390628,600,NA,NA,2024-07-03 05:33:00,2026-09-08 16:06:51.017402,"/tmp/90062cfd-01f4-4536-8879-02978d8c6afc/FIDDLE-PHENO_20240703_053300.wav",2,584132,"e72e396f-7b7e-4d1c-b82d-fc88a4453255",5,48000,"1.54M",TRUE,FALSE,FALSE,NA,NA,"Fiddle-Pheno",5344,"https://prod.wildtrax.ca/media/aru/e7/2e/39/6f-7b7e-4d1c-b82d-fc88a4453255/5708030.flac"
5708031,"flac",29929944,300,NA,NA,2024-07-04 06:04:00,2026-09-08 16:06:52.609765,"/tmp/153a02bd-2fd4-48dd-9487-7be4639cc87f/FIDDLE-PHENO_20240704_060400.wav",2,584132,"430dc370-b263-4926-9d67-440019ab95c6",5,48000,"1.54M",TRUE,FALSE,FALSE,NA,NA,"Fiddle-Pheno",5344,"https://prod.wildtrax.ca/media/aru/43/0d/c3/70-b263-4926-9d67-440019ab95c6/5708031.flac"
5708032,"flac",59918503,600,NA,NA,2024-07-04 05:34:00,2026-09-08 16:06:53.060725,"/tmp/2a979b15-7673-4f50-86f8-c2d58148bca9/FIDDLE-PHENO_20240704_053400.wav",2,584132,"3e60b3dc-031f-42b4-b878-be52651f2c5f",5,48000,"1.54M",TRUE,FALSE,FALSE,NA,NA,"Fiddle-Pheno",5344,"https://prod.wildtrax.ca/media/aru/3e/60/b3/dc-031f-42b4-b878-be52651f2c5f/5708032.flac"
5708033,"flac",29095383,300,NA,NA,2024-07-05 05:05:00,2026-09-08 16:06:56.086706,"/tmp/04319ab7-cd3d-45f4-8ccf-d1416d2bea16/FIDDLE-PHENO_20240705_050500.wav",2,584132,"c74b265e-fff4-4856-9a92-acf7268b55f4",5,48000,"1.54M",TRUE,FALSE,FALSE,NA,NA,"Fiddle-Pheno",5344,"https://prod.wildtrax.ca/media/aru/c7/4b/26/5e-fff4-4856-9a92-acf7268b55f4/5708033.flac"
5708034,"flac",28744293,300,NA,NA,2024-07-05 06:05:00,2026-09-08 16:07:51.569739,"/tmp/e1f33a11-afae-42ac-85e2-d89e87e52274/FIDDLE-PHENO_20240705_060500.wav",2,584132,"d5c5fcfe-5892-49c0-85ac-334b083a1108",5,48000,"1.54M",TRUE,FALSE,FALSE,NA,NA,"Fiddle-Pheno",5344,"https://prod.wildtrax.ca/media/aru/d5/c5/fc/fe-5892-49c0-85ac-334b083a1108/5708034.flac"
5708035,"flac",29688318,300,NA,NA,2024-07-06 05:06:00,2026-09-08 16:08:07.07264,"/tmp/daf4e551-5ad6-4e8b-b514-35bbeee57829/FIDDLE-PHENO_20240706_050600.wav",2,584132,"f5f9d15b-a28c-474e-9bfa-6deecdeed369",5,48000,"1.54M",TRUE,FALSE,FALSE,NA,NA,"Fiddle-Pheno",5344,"https://prod.wildtrax.ca/media/aru/f5/f9/d1/5b-a28c-474e-9bfa-6deecdeed369/5708035.flac"
5708036,"flac",57624784,600,NA,NA,2024-07-05 05:35:00,2026-09-08 16:08:52.299987,"/tmp/7622083b-d07f-4a0b-9113-ce0dd5b930d9/FIDDLE-PHENO_20240705_053500.wav",2,584132,"7a468647-ea8b-4d31-871c-19908b4f6a3a",5,48000,"1.54M",TRUE,FALSE,FALSE,NA,NA,"Fiddle-Pheno",5344,"https://prod.wildtrax.ca/media/aru/7a/46/86/47-ea8b-4d31-871c-19908b4f6a3a/5708036.flac"
5708037,"flac",29460220,300,NA,NA,2024-07-06 06:06:00,2026-09-08 16:08:52.8511,"/tmp/8d7e9e12-5fcb-4639-b230-1756e7d1a714/FIDDLE-PHENO_20240706_060600.wav",2,584132,"4a904226-1009-41ae-90ae-5d713ea5d420",5,48000,"1.54M",TRUE,FALSE,FALSE,NA,NA,"Fiddle-Pheno",5344,"https://prod.wildtrax.ca/media/aru/4a/90/42/26-1009-41ae-90ae-5d713ea5d420/5708037.flac"
5708038,"flac",29958723,300,NA,NA,2024-07-07 05:07:00,2026-09-08 16:09:12.947757,"/tmp/d139617b-8779-46e5-b403-e19393e8a975/FIDDLE-PHENO_20240707_050700.wav",2,584132,"c1576fc6-1b3a-453d-9389-04f4e41a9858",5,48000,"1.54M",TRUE,FALSE,FALSE,NA,NA,"Fiddle-Pheno",5344,"https://prod.wildtrax.ca/media/aru/c1/57/6f/c6-1b3a-453d-9389-04f4e41a9858/5708038.flac"
5708039,"flac",59027658,600,NA,NA,2024-07-06 05:36:00,2026-09-08 16:09:23.847833,"/tmp/cb7d6651-5fe1-446a-97c5-2ca983b35229/FIDDLE-PHENO_20240706_053600.wav",2,584132,"7b52de7d-8d27-4cc4-b2c4-d4acfcc1ef62",5,48000,"1.54M",TRUE,FALSE,FALSE,NA,NA,"Fiddle-Pheno",5344,"https://prod.wildtrax.ca/media/aru/7b/52/de/7d-8d27-4cc4-b2c4-d4acfcc1ef62/5708039.flac"
5708040,"flac",29474036,300,NA,NA,2024-07-07 06:07:00,2026-09-08 16:10:07.385386,"/tmp/7ab58f82-a27d-4900-afa3-f7f325ae4acd/FIDDLE-PHENO_20240707_060700.wav",2,584132,"2891535c-ccb7-4cde-8b84-a53af48c2028",5,48000,"1.54M",TRUE,FALSE,FALSE,NA,NA,"Fiddle-Pheno",5344,"https://prod.wildtrax.ca/media/aru/28/91/53/5c-ccb7-4cde-8b84-a53af48c2028/5708040.flac"
5708041,"flac",29953296,300,NA,NA,2024-07-08 05:08:00,2026-09-08 16:10:12.446445,"/tmp/8926a652-505f-4a40-8b4e-fd55a6cafdfb/FIDDLE-PHENO_20240708_050800.wav",2,584132,"a17c4206-c7e6-4255-9456-401223b2e1c8",5,48000,"1.54M",TRUE,FALSE,FALSE,NA,NA,"Fiddle-Pheno",5344,"https://prod.wildtrax.ca/media/aru/a1/7c/42/06-c7e6-4255-9456-401223b2e1c8/5708041.flac"
5708042,"flac",29334521,300,NA,NA,2024-07-08 06:08:00,2026-09-08 16:10:51.159581,"/tmp/bba07d5c-90e0-4759-80e7-8d18d9ebce51/FIDDLE-PHENO_20240708_060800.wav",2,584132,"de966583-dbf0-494a-ae8d-40af24a843f4",5,48000,"1.54M",TRUE,FALSE,FALSE,NA,NA,"Fiddle-Pheno",5344,"https://prod.wildtrax.ca/media/aru/de/96/65/83-dbf0-494a-ae8d-40af24a843f4/5708042.flac"
5708043,"flac",58885437,600,NA,NA,2024-07-07 05:37:00,2026-09-08 16:10:58.088846,"/tmp/5c93117b-911d-4402-a22a-88528245e3ff/FIDDLE-PHENO_20240707_053700.wav",2,584132,"a7aa07e1-55d6-4ae5-b5c8-7b362ad62ca6",5,48000,"1.54M",TRUE,FALSE,FALSE,NA,NA,"Fiddle-Pheno",5344,"https://prod.wildtrax.ca/media/aru/a7/aa/07/e1-55d6-4ae5-b5c8-7b362ad62ca6/5708043.flac"
5708044,"flac",30110454,300,NA,NA,2024-07-09 05:09:00,2026-09-08 16:11:10.583077,"/tmp/872ece90-a832-42c9-a3ad-b7319e27655d/FIDDLE-PHENO_20240709_050900.wav",2,584132,"f2764255-3021-4980-8daf-bc410a37fd3a",5,48000,"1.54M",TRUE,FALSE,FALSE,NA,NA,"Fiddle-Pheno",5344,"https://prod.wildtrax.ca/media/aru/f2/76/42/55-3021-4980-8daf-bc410a37fd3a/5708044.flac"
5708045,"flac",58522199,600,NA,NA,2024-07-08 05:38:00,2026-09-08 16:11:35.814072,"/tmp/c36481ce-5379-45e1-9d9d-65c05442dcf3/FIDDLE-PHENO_20240708_053800.wav",2,584132,"c15853a5-726b-4ace-8011-58713bcddd40",5,48000,"1.54M",TRUE,FALSE,FALSE,NA,NA,"Fiddle-Pheno",5344,"https://prod.wildtrax.ca/media/aru/c1/58/53/a5-726b-4ace-8011-58713bcddd40/5708045.flac"
5708046,"flac",29107137,300,NA,NA,2024-07-10 05:10:00,2026-09-08 16:11:54.309158,"/tmp/7c91f70c-3be8-4419-b411-f647dd416f51/FIDDLE-PHENO_20240710_051000.wav",2,584132,"3edd6f50-4ee0-4f8f-81b6-57ad566d4d09",5,48000,"1.54M",TRUE,FALSE,FALSE,NA,NA,"Fiddle-Pheno",5344,"https://prod.wildtrax.ca/media/aru/3e/dd/6f/50-4ee0-4f8f-81b6-57ad566d4d09/5708046.flac"
5708047,"flac",58203466,600,NA,NA,2024-07-09 05:39:00,2026-09-08 16:12:01.784676,"/tmp/e74a7d92-87c3-48b1-923a-718d2c0366df/FIDDLE-PHENO_20240709_053900.wav",2,584132,"663d263b-0862-4507-8476-028fd38a2cb9",5,48000,"1.54M",TRUE,FALSE,FALSE,NA,NA,"Fiddle-Pheno",5344,"https://prod.wildtrax.ca/media/aru/66/3d/26/3b-0862-4507-8476-028fd38a2cb9/5708047.flac"
5708048,"flac",29062494,300,NA,NA,2024-07-09 06:09:00,2026-09-08 16:12:09.405704,"/tmp/7e4ec29f-53e1-4d58-b06f-9f91814563ba/FIDDLE-PHENO_20240709_060900.wav",2,584132,"36c4f05b-3121-4d9a-a897-377c340e70d6",5,48000,"1.54M",TRUE,FALSE,FALSE,NA,NA,"Fiddle-Pheno",5344,"https://prod.wildtrax.ca/media/aru/36/c4/f0/5b-3121-4d9a-a897-377c340e70d6/5708048.flac"
5708049,"flac",29109677,300,NA,NA,2024-07-10 06:10:00,2026-09-08 16:12:48.643555,"/tmp/3b1595d9-5c79-4b6e-8953-59249c44156a/FIDDLE-PHENO_20240710_061000.wav",2,584132,"f24b44ee-8ac1-4086-8520-3cfd86e70cbc",5,48000,"1.54M",TRUE,FALSE,FALSE,NA,NA,"Fiddle-Pheno",5344,"https://prod.wildtrax.ca/media/aru/f2/4b/44/ee-8ac1-4086-8520-3cfd86e70cbc/5708049.flac"
5708050,"flac",28751018,300,NA,NA,2024-07-11 05:11:00,2026-09-08 16:12:53.546318,"/tmp/a12c431d-9159-4247-bd56-b890e7a68602/FIDDLE-PHENO_20240711_051100.wav",2,584132,"a81b1d46-8149-4724-9c29-e3ca90516e5b",5,48000,"1.54M",TRUE,FALSE,FALSE,NA,NA,"Fiddle-Pheno",5344,"https://prod.wildtrax.ca/media/aru/a8/1b/1d/46-8149-4724-9c29-e3ca90516e5b/5708050.flac"
5708051,"flac",58353001,600,NA,NA,2024-07-10 05:40:00,2026-09-08 16:13:19.139805,"/tmp/42badc65-fba2-4255-92be-b7d7ce8664ff/FIDDLE-PHENO_20240710_054000.wav",2,584132,"3cd38d9c-67cb-4d42-a920-d7b993278389",5,48000,"1.54M",TRUE,FALSE,FALSE,NA,NA,"Fiddle-Pheno",5344,"https://prod.wildtrax.ca/media/aru/3c/d3/8d/9c-67cb-4d42-a920-d7b993278389/5708051.flac"
5708052,"flac",28924667,300,NA,NA,2024-07-12 05:13:00,2026-09-08 16:13:52.525214,"/tmp/2f390445-847d-482c-adce-4f91f6c21e20/FIDDLE-PHENO_20240712_051300.wav",2,584132,"53ccc05b-6396-4a7e-90f0-60e420e58dac",5,48000,"1.54M",TRUE,FALSE,FALSE,NA,NA,"Fiddle-Pheno",5344,"https://prod.wildtrax.ca/media/aru/53/cc/c0/5b-6396-4a7e-90f0-60e420e58dac/5708052.flac"
5708053,"flac",28726343,300,NA,NA,2024-07-11 06:11:00,2026-09-08 16:14:01.485024,"/tmp/9839ce99-82b9-4c6a-b74e-9844e98e8c7c/FIDDLE-PHENO_20240711_061100.wav",2,584132,"3e8278e4-0364-4cfd-9531-d97416d1ce01",5,48000,"1.54M",TRUE,FALSE,FALSE,NA,NA,"Fiddle-Pheno",5344,"https://prod.wildtrax.ca/media/aru/3e/82/78/e4-0364-4cfd-9531-d97416d1ce01/5708053.flac"
5708054,"flac",57543119,600,NA,NA,2024-07-11 05:41:00,2026-09-08 16:14:01.654233,"/tmp/7381f2f2-f8c2-49ca-b047-c4711e4dc6db/FIDDLE-PHENO_20240711_054100.wav",2,584132,"4eb5bed7-1c69-4db1-b4e2-c8af57b152d0",5,48000,"1.54M",TRUE,FALSE,FALSE,NA,NA,"Fiddle-Pheno",5344,"https://prod.wildtrax.ca/media/aru/4e/b5/be/d7-1c69-4db1-b4e2-c8af57b152d0/5708054.flac"
5708055,"flac",28881106,300,NA,NA,2024-07-12 06:13:00,2026-09-08 16:14:55.282332,"/tmp/b7a64b40-f4d3-4d90-b4a2-941d2f583cf5/FIDDLE-PHENO_20240712_061300.wav",2,584132,"f62ca8f7-b8da-460c-a6d0-1b8eefd0387e",5,48000,"1.54M",TRUE,FALSE,FALSE,NA,NA,"Fiddle-Pheno",5344,"https://prod.wildtrax.ca/media/aru/f6/2c/a8/f7-b8da-460c-a6d0-1b8eefd0387e/5708055.flac"
5708056,"flac",29328512,300,NA,NA,2024-07-13 05:14:00,2026-09-08 16:15:05.583103,"/tmp/54888ab9-1b1b-42e8-aa5e-11df58a37d15/FIDDLE-PHENO_20240713_051400.wav",2,584132,"248e38fd-5da1-4120-92c6-6ee6b15653d6",5,48000,"1.54M",TRUE,FALSE,FALSE,NA,NA,"Fiddle-Pheno",5344,"https://prod.wildtrax.ca/media/aru/24/8e/38/fd-5da1-4120-92c6-6ee6b15653d6/5708056.flac"
5708057,"flac",29370089,300,NA,NA,2024-07-14 05:15:00,2026-09-08 16:15:25.476935,"/tmp/f2c7b9b2-9fb4-4b2c-a7d8-1070ab0e4786/FIDDLE-PHENO_20240714_051500.wav",2,584132,"bb43a544-24e0-4459-b3d5-be88d6062f0e",5,48000,"1.54M",TRUE,FALSE,FALSE,NA,NA,"Fiddle-Pheno",5344,"https://prod.wildtrax.ca/media/aru/bb/43/a5/44-24e0-4459-b3d5-be88d6062f0e/5708057.flac"
5708058,"flac",57545020,600,NA,NA,2024-07-12 05:43:00,2026-09-08 16:15:27.358242,"/tmp/f2eb6012-405b-4082-96bf-efa385a6ba87/FIDDLE-PHENO_20240712_054300.wav",2,584132,"ab691a15-49d9-48ec-a34b-f021242cb98b",5,48000,"1.54M",TRUE,FALSE,FALSE,NA,NA,"Fiddle-Pheno",5344,"https://prod.wildtrax.ca/media/aru/ab/69/1a/15-49d9-48ec-a34b-f021242cb98b/5708058.flac"
5708059,"flac",28672568,300,NA,NA,2024-07-13 06:14:00,2026-09-08 16:16:10.591261,"/tmp/fc14bdbb-e20b-49c4-b576-8753285ca060/FIDDLE-PHENO_20240713_061400.wav",2,584132,"41200562-b94f-4f59-987b-8445672878af",5,48000,"1.54M",TRUE,FALSE,FALSE,NA,NA,"Fiddle-Pheno",5344,"https://prod.wildtrax.ca/media/aru/41/20/05/62-b94f-4f59-987b-8445672878af/5708059.flac"
5708060,"flac",28490265,300,NA,NA,2024-07-14 06:15:00,2026-09-08 16:16:14.784217,"/tmp/3b54435b-78f5-4878-b343-b48a0b989532/FIDDLE-PHENO_20240714_061500.wav",2,584132,"c18cc2d1-0600-4b1e-ae09-c11bef8680a6",5,48000,"1.54M",TRUE,FALSE,FALSE,NA,NA,"Fiddle-Pheno",5344,"https://prod.wildtrax.ca/media/aru/c1/8c/c2/d1-0600-4b1e-ae09-c11bef8680a6/5708060.flac"
5708061,"flac",57662780,600,NA,NA,2024-07-13 05:44:00,2026-09-08 16:16:18.110486,"/tmp/862e63f2-c219-4567-a57e-9ce3b19ac76c/FIDDLE-PHENO_20240713_054400.wav",2,584132,"b7b9b8ed-1486-407f-b991-1043b3d9b12c",5,48000,"1.54M",TRUE,FALSE,FALSE,NA,NA,"Fiddle-Pheno",5344,"https://prod.wildtrax.ca/media/aru/b7/b9/b8/ed-1486-407f-b991-1043b3d9b12c/5708061.flac"
5708062,"flac",28715612,300,NA,NA,2024-07-15 06:16:00,2026-09-08 16:16:46.965477,"/tmp/9e4ff33f-23cd-49d8-8b7e-8d65fa75eaed/FIDDLE-PHENO_20240715_061600.wav",2,584132,"736c66fc-0f79-4214-b15e-3e773acdf2f0",5,48000,"1.54M",TRUE,FALSE,FALSE,NA,NA,"Fiddle-Pheno",5344,"https://prod.wildtrax.ca/media/aru/73/6c/66/fc-0f79-4214-b15e-3e773acdf2f0/5708062.flac"
5708063,"flac",57443159,600,NA,NA,2024-07-14 05:45:00,2026-09-08 16:16:49.730551,"/tmp/232a9c6a-3655-45c7-8632-448d29b6bbb9/FIDDLE-PHENO_20240714_054500.wav",2,584132,"b506f095-27ee-4263-8417-ff2ddaf827cb",5,48000,"1.54M",TRUE,FALSE,FALSE,NA,NA,"Fiddle-Pheno",5344,"https://prod.wildtrax.ca/media/aru/b5/06/f0/95-27ee-4263-8417-ff2ddaf827cb/5708063.flac"
5708064,"flac",28798364,300,NA,NA,2024-07-15 05:16:00,2026-09-08 16:17:09.264465,"/tmp/15440c4a-afa7-4e54-be5f-bea66707af04/FIDDLE-PHENO_20240715_051600.wav",2,584132,"93fb6723-583b-4924-8971-e787523dc8b8",5,48000,"1.54M",TRUE,FALSE,FALSE,NA,NA,"Fiddle-Pheno",5344,"https://prod.wildtrax.ca/media/aru/93/fb/67/23-583b-4924-8971-e787523dc8b8/5708064.flac"
5708065,"flac",57448701,600,NA,NA,2024-07-16 05:48:00,2026-09-08 16:18:18.606944,"/tmp/9f3ec5e5-8dfc-4c75-afc4-ed85913dd4ad/FIDDLE-PHENO_20240716_054800.wav",2,584132,"dc3babae-5fef-474d-8c3b-d6f6568fb671",5,48000,"1.54M",TRUE,FALSE,FALSE,NA,NA,"Fiddle-Pheno",5344,"https://prod.wildtrax.ca/media/aru/dc/3b/ab/ae-5fef-474d-8c3b-d6f6568fb671/5708065.flac"
5708066,"flac",28995795,300,NA,NA,2024-07-16 05:18:00,2026-09-08 16:18:21.871298,"/tmp/6ec39487-35b8-4b6d-a77d-1870d52510ab/FIDDLE-PHENO_20240716_051800.wav",2,584132,"698771ee-263a-4a12-8eb8-0e9bc1d561ac",5,48000,"1.54M",TRUE,FALSE,FALSE,NA,NA,"Fiddle-Pheno",5344,"https://prod.wildtrax.ca/media/aru/69/87/71/ee-263a-4a12-8eb8-0e9bc1d561ac/5708066.flac"
5708067,"flac",28797868,300,NA,NA,2024-07-17 05:19:00,2026-09-08 16:18:38.310608,"/tmp/cec94de2-53b5-4809-940c-18b2f38fe33f/FIDDLE-PHENO_20240717_051900.wav",2,584132,"dd982ef4-4db4-435b-aff1-f3786dddfff5",5,48000,"1.54M",TRUE,FALSE,FALSE,NA,NA,"Fiddle-Pheno",5344,"https://prod.wildtrax.ca/media/aru/dd/98/2e/f4-4db4-435b-aff1-f3786dddfff5/5708067.flac"
5708068,"flac",28840411,300,NA,NA,2024-07-16 06:18:00,2026-09-08 16:18:42.128531,"/tmp/c2b149f0-5da4-45b0-91aa-9807112a57f1/FIDDLE-PHENO_20240716_061800.wav",2,584132,"cf93cc06-fd03-4472-8b39-dcd0f7343cb0",5,48000,"1.54M",TRUE,FALSE,FALSE,NA,NA,"Fiddle-Pheno",5344,"https://prod.wildtrax.ca/media/aru/cf/93/cc/06-fd03-4472-8b39-dcd0f7343cb0/5708068.flac"
5708069,"flac",57659788,600,NA,NA,2024-07-15 05:46:00,2026-09-08 16:19:00.331875,"/tmp/fc327c71-999e-44b8-90d4-7dbad4bbe156/FIDDLE-PHENO_20240715_054600.wav",2,584132,"4596a19b-ad54-4654-9414-ec90e440a157",5,48000,"1.54M",TRUE,FALSE,FALSE,NA,NA,"Fiddle-Pheno",5344,"https://prod.wildtrax.ca/media/aru/45/96/a1/9b-ad54-4654-9414-ec90e440a157/5708069.flac"
5708071,"flac",28776756,300,NA,NA,2024-07-18 05:20:00,2026-09-08 16:19:29.851592,"/tmp/06cb2844-7182-4fcf-9007-27f890b0d776/FIDDLE-PHENO_20240718_052000.wav",2,584132,"47b362f7-ab9a-4264-9675-f371b5cf4268",5,48000,"1.54M",TRUE,FALSE,FALSE,NA,NA,"Fiddle-Pheno",5344,"https://prod.wildtrax.ca/media/aru/47/b3/62/f7-ab9a-4264-9675-f371b5cf4268/5708071.flac"
5708070,"flac",28411667,300,NA,NA,2024-07-17 06:19:00,2026-09-08 16:19:29.232291,"/tmp/4193a055-e9f0-4510-9ab9-76d1a6a3f8d3/FIDDLE-PHENO_20240717_061900.wav",2,584132,"70202e21-da13-4382-afc8-867995a4120f",5,48000,"1.54M",TRUE,FALSE,FALSE,NA,NA,"Fiddle-Pheno",5344,"https://prod.wildtrax.ca/media/aru/70/20/2e/21-da13-4382-afc8-867995a4120f/5708070.flac"
5708072,"flac",28368597,300,NA,NA,2024-07-18 06:20:00,2026-09-08 16:20:18.745456,"/tmp/d62b871f-4f30-406d-820b-87821e0231b5/FIDDLE-PHENO_20240718_062000.wav",2,584132,"c8613e95-0456-44cb-a3be-1a13f515013c",5,48000,"1.54M",TRUE,FALSE,FALSE,NA,NA,"Fiddle-Pheno",5344,"https://prod.wildtrax.ca/media/aru/c8/61/3e/95-0456-44cb-a3be-1a13f515013c/5708072.flac"
5708073,"flac",28509601,300,NA,NA,2024-07-19 05:22:00,2026-09-08 16:20:54.89034,"/tmp/b53272c2-009d-446c-aa86-150d0758ada9/FIDDLE-PHENO_20240719_052200.wav",2,584132,"28116965-9d69-4966-80c7-dec90c17ed6a",5,48000,"1.54M",TRUE,FALSE,FALSE,NA,NA,"Fiddle-Pheno",5344,"https://prod.wildtrax.ca/media/aru/28/11/69/65-9d69-4966-80c7-dec90c17ed6a/5708073.flac"
5708074,"flac",57269001,600,NA,NA,2024-07-17 05:49:00,2026-09-08 16:20:55.71765,"/tmp/7e5ed33e-c1d6-4824-b8b9-c7df85f48359/FIDDLE-PHENO_20240717_054900.wav",2,584132,"3c5e3d89-5475-489e-89f2-b5f86ac18219",5,48000,"1.54M",TRUE,FALSE,FALSE,NA,NA,"Fiddle-Pheno",5344,"https://prod.wildtrax.ca/media/aru/3c/5e/3d/89-5475-489e-89f2-b5f86ac18219/5708074.flac"
5708075,"flac",56871033,600,NA,NA,2024-07-18 05:50:00,2026-09-08 16:21:03.647874,"/tmp/c0174ac2-13cb-4b63-9505-3a49d5fabcc1/FIDDLE-PHENO_20240718_055000.wav",2,584132,"d7352d4e-22f9-424b-b31a-c46ffeab3b06",5,48000,"1.54M",TRUE,FALSE,FALSE,NA,NA,"Fiddle-Pheno",5344,"https://prod.wildtrax.ca/media/aru/d7/35/2d/4e-22f9-424b-b31a-c46ffeab3b06/5708075.flac"
5708076,"flac",28654313,300,NA,NA,2024-07-20 05:23:00,2026-09-08 16:21:44.085494,"/tmp/a7b0130d-f942-4295-a07a-be7fe2781bfb/FIDDLE-PHENO_20240720_052300.wav",2,584132,"0cd64c88-1d71-49b3-a59c-ec05f0a8f8c2",5,48000,"1.54M",TRUE,FALSE,FALSE,NA,NA,"Fiddle-Pheno",5344,"https://prod.wildtrax.ca/media/aru/0c/d6/4c/88-1d71-49b3-a59c-ec05f0a8f8c2/5708076.flac"
5708078,"flac",28309920,300,NA,NA,2024-07-19 06:22:00,2026-09-08 16:21:59.613365,"/tmp/c52ca5d1-6a8b-4593-b396-c519e5503cd0/FIDDLE-PHENO_20240719_062200.wav",2,584132,"b3af6cf6-095c-445a-afce-88c4a1c3a32c",5,48000,"1.54M",TRUE,FALSE,FALSE,NA,NA,"Fiddle-Pheno",5344,"https://prod.wildtrax.ca/media/aru/b3/af/6c/f6-095c-445a-afce-88c4a1c3a32c/5708078.flac"
5708079,"flac",28400579,300,NA,NA,2024-07-21 05:24:00,2026-09-08 16:22:27.535536,"/tmp/1e41543e-56d4-4112-b417-c2cc3b5be882/FIDDLE-PHENO_20240721_052400.wav",2,584132,"c672a35d-bf58-4821-a93d-4f627c84e55f",5,48000,"1.54M",TRUE,FALSE,FALSE,NA,NA,"Fiddle-Pheno",5344,"https://prod.wildtrax.ca/media/aru/c6/72/a3/5d-bf58-4821-a93d-4f627c84e55f/5708079.flac"
5708077,"flac",56753019,600,NA,NA,2024-07-19 05:52:00,2026-09-08 16:21:52.893576,"/tmp/b932f53c-fc65-460f-985e-28c9e83ec0ef/FIDDLE-PHENO_20240719_055200.wav",2,584132,"9a8beb7f-a290-4e7f-8a23-c898203e396a",5,48000,"1.54M",TRUE,FALSE,FALSE,NA,NA,"Fiddle-Pheno",5344,"https://prod.wildtrax.ca/media/aru/9a/8b/eb/7f-a290-4e7f-8a23-c898203e396a/5708077.flac"
5708083,"flac",56450376,600,NA,NA,2024-07-21 05:54:00,2026-09-08 16:23:28.498882,"/tmp/fd187da9-d724-465f-8264-6be6677e4e2e/FIDDLE-PHENO_20240721_055400.wav",2,584132,"65313fa6-1946-4cc7-97e7-e14944859739",5,48000,"1.54M",TRUE,FALSE,FALSE,NA,NA,"Fiddle-Pheno",5344,"https://prod.wildtrax.ca/media/aru/65/31/3f/a6-1946-4cc7-97e7-e14944859739/5708083.flac"
5708080,"flac",28431904,300,NA,NA,2024-07-20 06:23:00,2026-09-08 16:22:35.741452,"/tmp/791ffb42-81be-4a32-94d3-8520de9ef2a3/FIDDLE-PHENO_20240720_062300.wav",2,584132,"0d8aec9e-27b5-4fd3-8fb1-321e70e91e97",5,48000,"1.54M",TRUE,FALSE,FALSE,NA,NA,"Fiddle-Pheno",5344,"https://prod.wildtrax.ca/media/aru/0d/8a/ec/9e-27b5-4fd3-8fb1-321e70e91e97/5708080.flac"
5708081,"flac",57188879,600,NA,NA,2024-07-20 05:53:00,2026-09-08 16:23:11.204724,"/tmp/54f62be0-0c14-4628-b322-9b0be1f47ef0/FIDDLE-PHENO_20240720_055300.wav",2,584132,"38956b52-b77d-48a3-a5aa-3e2c30efc7af",5,48000,"1.54M",TRUE,FALSE,FALSE,NA,NA,"Fiddle-Pheno",5344,"https://prod.wildtrax.ca/media/aru/38/95/6b/52-b77d-48a3-a5aa-3e2c30efc7af/5708081.flac"
5708082,"flac",28211966,300,NA,NA,2024-07-21 06:24:00,2026-09-08 16:23:12.567461,"/tmp/d6acb3c5-9a1e-477e-a9cd-81f2771e6af4/FIDDLE-PHENO_20240721_062400.wav",2,584132,"945db892-dec0-4dfa-aaf2-bf44d36fd2c5",5,48000,"1.54M",TRUE,FALSE,FALSE,NA,NA,"Fiddle-Pheno",5344,"https://prod.wildtrax.ca/media/aru/94/5d/b8/92-dec0-4dfa-aaf2-bf44d36fd2c5/5708082.flac"
5725938,"flac",29329226,300,NA,NA,2025-06-10 04:57:00,2026-09-14 22:45:59.183171,"/tmp/5c2e5e28-3507-4243-9785-5f658c8291ae/FIDDLE-PHENO_20250610_045700.wav",2,584132,"f7accd2b-067f-4656-a0a7-2ab56824b7d3",5,48000,"1.54M",TRUE,FALSE,FALSE,NA,NA,"Fiddle-Pheno",5344,"https://prod.wildtrax.ca/media/aru/f7/ac/cd/2b-067f-4656-a0a7-2ab56824b7d3/5725938.flac"
5725972,"flac",29939583,300,NA,NA,2025-06-21 04:57:00,2026-09-14 22:52:41.132715,"/tmp/099cd145-23b9-4026-aa6a-fb0a50aa9233/FIDDLE-PHENO_20250621_045700.wav",2,584132,"02ae5232-60e8-44cf-b03c-93b0b66be145",5,48000,"1.54M",TRUE,FALSE,FALSE,NA,NA,"Fiddle-Pheno",5344,"https://prod.wildtrax.ca/media/aru/02/ae/52/32-60e8-44cf-b03c-93b0b66be145/5725972.flac"
5725975,"flac",28162646,300,NA,NA,2025-06-22 05:57:00,2026-09-14 22:53:14.253086,"/tmp/701d5efd-a042-471d-8266-72896acbc63e/FIDDLE-PHENO_20250622_055700.wav",2,584132,"ff500e0a-be3e-4c71-9dce-881a3b7b1519",5,48000,"1.54M",TRUE,FALSE,FALSE,NA,NA,"Fiddle-Pheno",5344,"https://prod.wildtrax.ca/media/aru/ff/50/0e/0a-be3e-4c71-9dce-881a3b7b1519/5725975.flac"
5725978,"flac",61392496,600,NA,NA,2025-06-23 05:27:00,2026-09-14 22:53:45.160346,"/tmp/925edc3c-f379-4c4c-aabd-8944fcb35a3f/FIDDLE-PHENO_20250623_052700.wav",2,584132,"e8c20fdd-9130-48b1-849c-309f401ab952",5,48000,"1.54M",TRUE,FALSE,FALSE,NA,NA,"Fiddle-Pheno",5344,"https://prod.wildtrax.ca/media/aru/e8/c2/0f/dd-9130-48b1-849c-309f401ab952/5725978.flac"
5725980,"flac",30183014,300,NA,NA,2025-06-23 05:57:00,2026-09-14 22:53:55.597378,"/tmp/01d53be4-1ebd-4176-bc77-9ad45d6601c7/FIDDLE-PHENO_20250623_055700.wav",2,584132,"77097866-014f-4394-83d2-c21ff10027cc",5,48000,"1.54M",TRUE,FALSE,FALSE,NA,NA,"Fiddle-Pheno",5344,"https://prod.wildtrax.ca/media/aru/77/09/78/66-014f-4394-83d2-c21ff10027cc/5725980.flac"
5725985,"flac",29668622,300,NA,NA,2025-06-26 04:59:00,2026-09-14 22:54:52.824206,"/tmp/c3e283de-2789-49bc-add3-6432ee786f4e/FIDDLE-PHENO_20250626_045900.wav",2,584132,"5692e35f-e088-48af-b605-c2777d5b2eb0",5,48000,"1.54M",TRUE,FALSE,FALSE,NA,NA,"Fiddle-Pheno",5344,"https://prod.wildtrax.ca/media/aru/56/92/e3/5f-e088-48af-b605-c2777d5b2eb0/5725985.flac"
5725991,"flac",29044080,300,NA,NA,2025-06-27 05:59:00,2026-09-14 22:55:37.090385,"/tmp/7c393c9f-8436-43b3-b90c-43faadddecaf/FIDDLE-PHENO_20250627_055900.wav",2,584132,"c8b82b15-842c-4a80-806e-c97a60b3be0a",5,48000,"1.54M",TRUE,FALSE,FALSE,NA,NA,"Fiddle-Pheno",5344,"https://prod.wildtrax.ca/media/aru/c8/b8/2b/15-842c-4a80-806e-c97a60b3be0a/5725991.flac"
5725995,"flac",28862477,300,NA,NA,2025-06-29 06:00:00,2026-09-14 22:56:34.029028,"/tmp/4ed0025c-58a8-445b-b2c9-c5981a428d5e/FIDDLE-PHENO_20250629_060000.wav",2,584132,"2d24cc2a-a8fa-4eec-b56e-914511543c17",5,48000,"1.54M",TRUE,FALSE,FALSE,NA,NA,"Fiddle-Pheno",5344,"https://prod.wildtrax.ca/media/aru/2d/24/cc/2a-a8fa-4eec-b56e-914511543c17/5725995.flac"
5725998,"flac",28987426,300,NA,NA,2025-06-30 05:01:00,2026-09-14 22:57:00.639641,"/tmp/f0534d70-d680-4929-b002-df7f875f086b/FIDDLE-PHENO_20250630_050100.wav",2,584132,"ba346793-02e4-4744-8a17-81147d1bfed6",5,48000,"1.54M",TRUE,FALSE,FALSE,NA,NA,"Fiddle-Pheno",5344,"https://prod.wildtrax.ca/media/aru/ba/34/67/93-02e4-4744-8a17-81147d1bfed6/5725998.flac"
5725939,"flac",29281592,300,NA,NA,2025-06-11 04:57:00,2026-09-14 22:46:48.348597,"/tmp/e636d9b4-e829-4ff9-9d1a-377ecabb6511/FIDDLE-PHENO_20250611_045700.wav",2,584132,"bb810a1a-6051-4317-bf45-eafe433df97a",5,48000,"1.54M",TRUE,FALSE,FALSE,NA,NA,"Fiddle-Pheno",5344,"https://prod.wildtrax.ca/media/aru/bb/81/0a/1a-6051-4317-bf45-eafe433df97a/5725939.flac"
5725940,"flac",29108534,300,NA,NA,2025-06-10 05:57:00,2026-09-14 22:46:49.392262,"/tmp/f8fcba48-7e09-4fc2-b5e6-ba3a4a83e83f/FIDDLE-PHENO_20250610_055700.wav",2,584132,"899526c2-18e1-48a7-8946-132382d4f0d8",5,48000,"1.54M",TRUE,FALSE,FALSE,NA,NA,"Fiddle-Pheno",5344,"https://prod.wildtrax.ca/media/aru/89/95/26/c2-18e1-48a7-8946-132382d4f0d8/5725940.flac"
5725942,"flac",28996602,300,NA,NA,2025-06-11 05:57:00,2026-09-14 22:47:30.76438,"/tmp/61469cbd-2fe3-49f4-b240-5c71d203086d/FIDDLE-PHENO_20250611_055700.wav",2,584132,"5eb2b630-d267-4583-9987-1cfc9e20d5e4",5,48000,"1.54M",TRUE,FALSE,FALSE,NA,NA,"Fiddle-Pheno",5344,"https://prod.wildtrax.ca/media/aru/5e/b2/b6/30-d267-4583-9987-1cfc9e20d5e4/5725942.flac"
5725941,"flac",29388761,300,NA,NA,2025-06-12 04:57:00,2026-09-14 22:47:09.659462,"/tmp/e2ca8282-d959-4cc8-83ae-9418dd0e320e/FIDDLE-PHENO_20250612_045700.wav",2,584132,"485b4cfb-5060-4738-a7f7-58694985f44c",5,48000,"1.54M",TRUE,FALSE,FALSE,NA,NA,"Fiddle-Pheno",5344,"https://prod.wildtrax.ca/media/aru/48/5b/4c/fb-5060-4738-a7f7-58694985f44c/5725941.flac"
5725946,"flac",58326844,600,NA,NA,2025-06-12 05:27:00,2026-09-14 22:48:03.429168,"/tmp/c08d61e8-c51c-49e5-9972-6192ad7d3e7a/FIDDLE-PHENO_20250612_052700.wav",2,584132,"738a05a1-08ab-452c-9afd-e08f6bc2a20c",5,48000,"1.54M",TRUE,FALSE,FALSE,NA,NA,"Fiddle-Pheno",5344,"https://prod.wildtrax.ca/media/aru/73/8a/05/a1-08ab-452c-9afd-e08f6bc2a20c/5725946.flac"
5725952,"flac",59392158,600,NA,NA,2025-06-14 05:26:00,2026-09-14 22:49:11.496138,"/tmp/35ec14bb-dd72-4e3a-b440-c2924bf9817f/FIDDLE-PHENO_20250614_052600.wav",2,584132,"2f31a688-3719-4ecf-b030-93b11b968e59",5,48000,"1.54M",TRUE,FALSE,FALSE,NA,NA,"Fiddle-Pheno",5344,"https://prod.wildtrax.ca/media/aru/2f/31/a6/88-3719-4ecf-b030-93b11b968e59/5725952.flac"
5725943,"flac",58175805,600,NA,NA,2025-06-10 05:27:00,2026-09-14 22:47:34.347753,"/tmp/fc694811-a520-4bf1-a7e0-be0d2194d9d3/FIDDLE-PHENO_20250610_052700.wav",2,584132,"566d7078-ecd2-4795-9e5f-8a3d091d38fd",5,48000,"1.54M",TRUE,FALSE,FALSE,NA,NA,"Fiddle-Pheno",5344,"https://prod.wildtrax.ca/media/aru/56/6d/70/78-ecd2-4795-9e5f-8a3d091d38fd/5725943.flac"
5725944,"flac",57686477,600,NA,NA,2025-06-11 05:27:00,2026-09-14 22:47:59.820768,"/tmp/f907870d-5966-4df6-b339-a35f2cf4f73d/FIDDLE-PHENO_20250611_052700.wav",2,584132,"6ed01721-774f-4216-a708-e182f384c680",5,48000,"1.54M",TRUE,FALSE,FALSE,NA,NA,"Fiddle-Pheno",5344,"https://prod.wildtrax.ca/media/aru/6e/d0/17/21-774f-4216-a708-e182f384c680/5725944.flac"
5725947,"flac",29255918,300,NA,NA,2025-06-13 04:57:00,2026-09-14 22:48:11.921131,"/tmp/9dc23424-8d69-4073-b149-d33e77b2a65a/FIDDLE-PHENO_20250613_045700.wav",2,584132,"f08bf4b4-2479-4129-9f92-8cadc9bcafbb",5,48000,"1.54M",TRUE,FALSE,FALSE,NA,NA,"Fiddle-Pheno",5344,"https://prod.wildtrax.ca/media/aru/f0/8b/f4/b4-2479-4129-9f92-8cadc9bcafbb/5725947.flac"
5725951,"flac",29198270,300,NA,NA,2025-06-15 04:56:00,2026-09-14 22:49:10.576687,"/tmp/943bafc4-1155-4810-858c-1c6ede66cdf2/FIDDLE-PHENO_20250615_045600.wav",2,584132,"1fef5d35-5fbe-4399-880d-4c66627e940e",5,48000,"1.54M",TRUE,FALSE,FALSE,NA,NA,"Fiddle-Pheno",5344,"https://prod.wildtrax.ca/media/aru/1f/ef/5d/35-5fbe-4399-880d-4c66627e940e/5725951.flac"
5725953,"flac",58606576,600,NA,NA,2025-06-13 05:27:00,2026-09-14 22:49:21.095729,"/tmp/3c25833a-4d3f-48fe-b728-912175210f09/FIDDLE-PHENO_20250613_052700.wav",2,584132,"e9113f22-d222-40b1-ba93-e64c4f7bbf04",5,48000,"1.54M",TRUE,FALSE,FALSE,NA,NA,"Fiddle-Pheno",5344,"https://prod.wildtrax.ca/media/aru/e9/11/3f/22-d222-40b1-ba93-e64c4f7bbf04/5725953.flac"
5725958,"flac",28940190,300,NA,NA,2025-06-17 04:56:00,2026-09-14 22:50:15.303288,"/tmp/abd2b9e1-91e4-4ccd-a1f7-4e7b788a8e84/FIDDLE-PHENO_20250617_045600.wav",2,584132,"f0f07a84-0a3f-4ee5-86f3-410070e9761b",5,48000,"1.54M",TRUE,FALSE,FALSE,NA,NA,"Fiddle-Pheno",5344,"https://prod.wildtrax.ca/media/aru/f0/f0/7a/84-0a3f-4ee5-86f3-410070e9761b/5725958.flac"
5725945,"flac",29258884,300,NA,NA,2025-06-12 05:57:00,2026-09-14 22:48:00.409934,"/tmp/9f8066cf-14a6-4fd4-b0a9-a870719c3969/FIDDLE-PHENO_20250612_055700.wav",2,584132,"df469786-caa9-40c0-b929-e258ed5e2b7b",5,48000,"1.54M",TRUE,FALSE,FALSE,NA,NA,"Fiddle-Pheno",5344,"https://prod.wildtrax.ca/media/aru/df/46/97/86-caa9-40c0-b929-e258ed5e2b7b/5725945.flac"
5725948,"flac",29189393,300,NA,NA,2025-06-13 05:57:00,2026-09-14 22:48:17.671586,"/tmp/a0c72e66-1525-4ab7-9c7e-e521254a164b/FIDDLE-PHENO_20250613_055700.wav",2,584132,"67bf6c63-2fe4-4e10-836e-895a520a2be9",5,48000,"1.54M",TRUE,FALSE,FALSE,NA,NA,"Fiddle-Pheno",5344,"https://prod.wildtrax.ca/media/aru/67/bf/6c/63-2fe4-4e10-836e-895a520a2be9/5725948.flac"
5725950,"flac",29680628,300,NA,NA,2025-06-14 05:56:00,2026-09-14 22:48:44.93656,"/tmp/3afe640c-92d8-4c4f-8cd8-0f5e8da59c89/FIDDLE-PHENO_20250614_055600.wav",2,584132,"a42e1430-f48f-44ea-bfaf-56b089aa7c70",5,48000,"1.54M",TRUE,FALSE,FALSE,NA,NA,"Fiddle-Pheno",5344,"https://prod.wildtrax.ca/media/aru/a4/2e/14/30-f48f-44ea-bfaf-56b089aa7c70/5725950.flac"
5725960,"flac",58291518,600,NA,NA,2025-06-16 05:26:00,2026-09-14 22:50:34.867659,"/tmp/abb3eda6-c24d-4747-a4e8-08f4b96abc50/FIDDLE-PHENO_20250616_052600.wav",2,584132,"75f1744e-f36d-478c-8313-df31eefff9d4",5,48000,"1.54M",TRUE,FALSE,FALSE,NA,NA,"Fiddle-Pheno",5344,"https://prod.wildtrax.ca/media/aru/75/f1/74/4e-f36d-478c-8313-df31eefff9d4/5725960.flac"
5725961,"flac",29028439,300,NA,NA,2025-06-18 04:56:00,2026-09-14 22:50:40.953616,"/tmp/28265fa8-36ad-493f-92d2-dfafe75087fd/FIDDLE-PHENO_20250618_045600.wav",2,584132,"b49f7656-a0f3-4834-a311-acadad27053e",5,48000,"1.54M",TRUE,FALSE,FALSE,NA,NA,"Fiddle-Pheno",5344,"https://prod.wildtrax.ca/media/aru/b4/9f/76/56-a0f3-4834-a311-acadad27053e/5725961.flac"
5725962,"flac",58131324,600,NA,NA,2025-06-17 05:26:00,2026-09-14 22:50:58.576291,"/tmp/371388a9-9c46-41a0-9827-b79fe9b343ac/FIDDLE-PHENO_20250617_052600.wav",2,584132,"3dc864f6-c97a-42ed-8250-7d6f9980ba36",5,48000,"1.54M",TRUE,FALSE,FALSE,NA,NA,"Fiddle-Pheno",5344,"https://prod.wildtrax.ca/media/aru/3d/c8/64/f6-c97a-42ed-8250-7d6f9980ba36/5725962.flac"
5725968,"flac",30023432,300,NA,NA,2025-06-20 05:57:00,2026-09-14 22:51:50.999707,"/tmp/f69e9a02-dfce-42af-adf9-3b90d704c007/FIDDLE-PHENO_20250620_055700.wav",2,584132,"b4c4b867-661c-4588-b366-6324d948e116",5,48000,"1.54M",TRUE,FALSE,FALSE,NA,NA,"Fiddle-Pheno",5344,"https://prod.wildtrax.ca/media/aru/b4/c4/b8/67-661c-4588-b366-6324d948e116/5725968.flac"
5725973,"flac",28165350,300,NA,NA,2025-06-22 04:57:00,2026-09-14 22:52:41.480019,"/tmp/ce926282-51d5-43d0-97b4-bc524f02e594/FIDDLE-PHENO_20250622_045700.wav",2,584132,"e79d64fe-ffc9-4e84-ac2e-76099daae183",5,48000,"1.54M",TRUE,FALSE,FALSE,NA,NA,"Fiddle-Pheno",5344,"https://prod.wildtrax.ca/media/aru/e7/9d/64/fe-ffc9-4e84-ac2e-76099daae183/5725973.flac"
5725949,"flac",30635888,300,NA,NA,2025-06-14 04:56:00,2026-09-14 22:48:35.895094,"/tmp/1f524b0a-815e-4b87-b4f9-6812233276a8/FIDDLE-PHENO_20250614_045600.wav",2,584132,"cb8de4cd-034a-4064-b61d-e0a1599691f8",5,48000,"1.54M",TRUE,FALSE,FALSE,NA,NA,"Fiddle-Pheno",5344,"https://prod.wildtrax.ca/media/aru/cb/8d/e4/cd-034a-4064-b61d-e0a1599691f8/5725949.flac"
5725955,"flac",29239240,300,NA,NA,2025-06-16 04:56:00,2026-09-14 22:49:40.851409,"/tmp/a84a20e1-97ba-4ef1-bb88-0cc2437f72b5/FIDDLE-PHENO_20250616_045600.wav",2,584132,"2aef9300-06f8-4e57-84fa-62f32ab08614",5,48000,"1.54M",TRUE,FALSE,FALSE,NA,NA,"Fiddle-Pheno",5344,"https://prod.wildtrax.ca/media/aru/2a/ef/93/00-06f8-4e57-84fa-62f32ab08614/5725955.flac"
5725959,"flac",28971435,300,NA,NA,2025-06-17 05:56:00,2026-09-14 22:50:22.893391,"/tmp/3317ef74-82c1-4ea2-a316-6a9b79a915dc/FIDDLE-PHENO_20250617_055600.wav",2,584132,"6d2e530e-7da1-4f43-9d72-071940acc198",5,48000,"1.54M",TRUE,FALSE,FALSE,NA,NA,"Fiddle-Pheno",5344,"https://prod.wildtrax.ca/media/aru/6d/2e/53/0e-7da1-4f43-9d72-071940acc198/5725959.flac"
5725963,"flac",30016354,300,NA,NA,2025-06-19 04:56:00,2026-09-14 22:51:06.791194,"/tmp/a0cea815-ae8f-4107-9fd2-a198beb68e67/FIDDLE-PHENO_20250619_045600.wav",2,584132,"67ff92b7-24b5-44f4-8b01-8c85c4722229",5,48000,"1.54M",TRUE,FALSE,FALSE,NA,NA,"Fiddle-Pheno",5344,"https://prod.wildtrax.ca/media/aru/67/ff/92/b7-24b5-44f4-8b01-8c85c4722229/5725963.flac"
5725969,"flac",58977826,600,NA,NA,2025-06-19 05:26:00,2026-09-14 22:52:07.081139,"/tmp/6b04db97-26a7-4f08-8eb3-74fadfdb3b1f/FIDDLE-PHENO_20250619_052600.wav",2,584132,"6ce9ba82-a83e-425a-84e5-c09be2f789f6",5,48000,"1.54M",TRUE,FALSE,FALSE,NA,NA,"Fiddle-Pheno",5344,"https://prod.wildtrax.ca/media/aru/6c/e9/ba/82-a83e-425a-84e5-c09be2f789f6/5725969.flac"
5725979,"flac",28105170,300,NA,NA,2025-06-24 04:58:00,2026-09-14 22:53:51.765481,"/tmp/a4568007-954e-4ab7-82a3-c9dd606dbff7/FIDDLE-PHENO_20250624_045800.wav",2,584132,"db646140-0d6a-4b44-90af-238f15dbcebe",5,48000,"1.54M",TRUE,FALSE,FALSE,NA,NA,"Fiddle-Pheno",5344,"https://prod.wildtrax.ca/media/aru/db/64/61/40-0d6a-4b44-90af-238f15dbcebe/5725979.flac"
5725981,"flac",30252377,300,NA,NA,2025-06-24 05:58:00,2026-09-14 22:54:12.467017,"/tmp/4abee944-6687-483e-8fbf-ce3a81037d27/FIDDLE-PHENO_20250624_055800.wav",2,584132,"8176d4e8-272a-4abe-b327-eec0d43a3569",5,48000,"1.54M",TRUE,FALSE,FALSE,NA,NA,"Fiddle-Pheno",5344,"https://prod.wildtrax.ca/media/aru/81/76/d4/e8-272a-4abe-b327-eec0d43a3569/5725981.flac"
5725989,"flac",29574055,300,NA,NA,2025-06-26 05:59:00,2026-09-14 22:55:25.998587,"/tmp/b7050079-db3a-46f9-8350-b240814456d3/FIDDLE-PHENO_20250626_055900.wav",2,584132,"a3404113-e1dc-4e09-8c0d-57fe884e1626",5,48000,"1.54M",TRUE,FALSE,FALSE,NA,NA,"Fiddle-Pheno",5344,"https://prod.wildtrax.ca/media/aru/a3/40/41/13-e1dc-4e09-8c0d-57fe884e1626/5725989.flac"
5725990,"flac",29136218,300,NA,NA,2025-06-28 05:00:00,2026-09-14 22:55:33.879261,"/tmp/e7bb508d-d1cb-47b5-aa4b-8addd88facec/FIDDLE-PHENO_20250628_050000.wav",2,584132,"3160b7ca-b347-48f5-b9f0-299cbbd2ca19",5,48000,"1.54M",TRUE,FALSE,FALSE,NA,NA,"Fiddle-Pheno",5344,"https://prod.wildtrax.ca/media/aru/31/60/b7/ca-b347-48f5-b9f0-299cbbd2ca19/5725990.flac"
5725992,"flac",29029255,300,NA,NA,2025-06-29 05:00:00,2026-09-14 22:56:00.641118,"/tmp/3de15a46-f1ff-4d4f-9b57-95241e22c513/FIDDLE-PHENO_20250629_050000.wav",2,584132,"da58396a-ed9c-49a1-b863-d884ff4641e8",5,48000,"1.54M",TRUE,FALSE,FALSE,NA,NA,"Fiddle-Pheno",5344,"https://prod.wildtrax.ca/media/aru/da/58/39/6a-ed9c-49a1-b863-d884ff4641e8/5725992.flac"
5725999,"flac",29054869,300,NA,NA,2025-06-30 06:01:00,2026-09-14 22:57:16.179892,"/tmp/b7f55455-f782-4100-b56d-0d10022d12f9/FIDDLE-PHENO_20250630_060100.wav",2,584132,"994e2773-4713-4ab8-b2a9-5447a3fded38",5,48000,"1.54M",TRUE,FALSE,FALSE,NA,NA,"Fiddle-Pheno",5344,"https://prod.wildtrax.ca/media/aru/99/4e/27/73-4713-4ab8-b2a9-5447a3fded38/5725999.flac"
5726000,"flac",58034790,600,NA,NA,2025-06-30 05:31:00,2026-09-14 22:57:23.17034,"/tmp/06873ead-e612-4ff0-845f-57836c50f1e2/FIDDLE-PHENO_20250630_053100.wav",2,584132,"dee3bd4e-f94e-443c-8063-94cf01ec83f0",5,48000,"1.54M",TRUE,FALSE,FALSE,NA,NA,"Fiddle-Pheno",5344,"https://prod.wildtrax.ca/media/aru/de/e3/bd/4e-f94e-443c-8063-94cf01ec83f0/5726000.flac"
5726004,"flac",57989993,600,NA,NA,2025-07-01 05:32:00,2026-09-14 22:58:04.396436,"/tmp/6444f35c-cc69-479f-b17d-6f25a7682b08/FIDDLE-PHENO_20250701_053200.wav",2,584132,"41c88d1d-22ca-4975-b6fc-bf6d97026ac2",5,48000,"1.54M",TRUE,FALSE,FALSE,NA,NA,"Fiddle-Pheno",5344,"https://prod.wildtrax.ca/media/aru/41/c8/8d/1d-22ca-4975-b6fc-bf6d97026ac2/5726004.flac"
5731013,"flac",30127308,300,NA,NA,2026-06-02 05:02:00,2026-09-16 14:10:37.514358,"/tmp/d0d5531e-75a4-495d-ac1b-b64c4d44614a/FIDDLE-PHENO_20260602_050200.wav",2,584132,"9b6146b9-6d08-4d29-bad4-795dd8cb3e64",5,48000,"1.54M",TRUE,FALSE,FALSE,NA,NA,"Fiddle-Pheno",5344,"https://prod.wildtrax.ca/media/aru/9b/61/46/b9-6d08-4d29-bad4-795dd8cb3e64/5731013.flac"
5731012,"flac",29439954,300,NA,NA,2026-06-01 05:03:00,2026-09-16 14:10:19.844573,"/tmp/c09def53-22cf-42d8-b287-310e4b9390cc/FIDDLE-PHENO_20260601_050300.wav",2,584132,"a9b40b33-28ef-408b-aa37-d4788898378f",5,48000,"1.54M",TRUE,FALSE,FALSE,NA,NA,"Fiddle-Pheno",5344,"https://prod.wildtrax.ca/media/aru/a9/b4/0b/33-28ef-408b-aa37-d4788898378f/5731012.flac"
5731016,"flac",59149604,600,NA,NA,2026-06-02 05:32:00,2026-09-16 14:11:18.836598,"/tmp/ad470be3-0e18-448d-b370-9648ef1843b0/FIDDLE-PHENO_20260602_053200.wav",2,584132,"9ed7c87c-80fe-4ae3-b805-db6f246fc88b",5,48000,"1.54M",TRUE,FALSE,FALSE,NA,NA,"Fiddle-Pheno",5344,"https://prod.wildtrax.ca/media/aru/9e/d7/c8/7c-80fe-4ae3-b805-db6f246fc88b/5731016.flac"
5731017,"flac",29968184,300,NA,NA,2026-06-03 05:02:00,2026-09-16 14:11:21.2787,"/tmp/262b1c58-4518-4377-9138-4bf27c85071e/FIDDLE-PHENO_20260603_050200.wav",2,584132,"43fc4bfe-6f78-4c94-9e7d-f686ee7d95fe",5,48000,"1.54M",TRUE,FALSE,FALSE,NA,NA,"Fiddle-Pheno",5344,"https://prod.wildtrax.ca/media/aru/43/fc/4b/fe-6f78-4c94-9e7d-f686ee7d95fe/5731017.flac"
5731018,"flac",57454823,600,NA,NA,2026-06-01 05:33:00,2026-09-16 14:11:22.531196,"/tmp/e5c76497-7e6d-45aa-ba6b-f16d85e48e5d/FIDDLE-PHENO_20260601_053300.wav",2,584132,"a08d8ebe-1a1a-45bf-b116-58c04c294377",5,48000,"1.54M",TRUE,FALSE,FALSE,NA,NA,"Fiddle-Pheno",5344,"https://prod.wildtrax.ca/media/aru/a0/8d/8e/be-1a1a-45bf-b116-58c04c294377/5731018.flac"
5731019,"flac",59143695,600,NA,NA,2026-06-03 05:32:00,2026-09-16 14:11:31.950452,"/tmp/ce9ffa5c-b972-4a0a-9c03-3ba391a8d905/FIDDLE-PHENO_20260603_053200.wav",2,584132,"ae0a1dfd-9c0d-490f-b327-14b15b50f93f",5,48000,"1.54M",TRUE,FALSE,FALSE,NA,NA,"Fiddle-Pheno",5344,"https://prod.wildtrax.ca/media/aru/ae/0a/1d/fd-9c0d-490f-b327-14b15b50f93f/5731019.flac"
5731020,"flac",30349948,300,NA,NA,2026-06-04 06:01:00,2026-09-16 14:11:49.663567,"/tmp/55d0ffb9-59a5-4cea-8afc-e4c59d8b33fc/FIDDLE-PHENO_20260604_060100.wav",2,584132,"4a010ecb-fd55-46d9-ac3e-4733c7f82f1c",5,48000,"1.54M",TRUE,FALSE,FALSE,NA,NA,"Fiddle-Pheno",5344,"https://prod.wildtrax.ca/media/aru/4a/01/0e/cb-fd55-46d9-ac3e-4733c7f82f1c/5731020.flac"
5731021,"flac",30556845,300,NA,NA,2026-06-04 05:01:00,2026-09-16 14:11:55.368563,"/tmp/ebedcffc-d5db-411e-b37f-350bbbbc15a2/FIDDLE-PHENO_20260604_050100.wav",2,584132,"d93e8dce-3d8d-4072-98d8-8a2808632089",5,48000,"1.54M",TRUE,FALSE,FALSE,NA,NA,"Fiddle-Pheno",5344,"https://prod.wildtrax.ca/media/aru/d9/3e/8d/ce-3d8d-4072-98d8-8a2808632089/5731021.flac"
5731022,"flac",29445786,300,NA,NA,2026-06-03 06:02:00,2026-09-16 14:12:00.715169,"/tmp/caadd8eb-1e53-4324-8ba2-17588e1666cc/FIDDLE-PHENO_20260603_060200.wav",2,584132,"eb4116d2-4f9b-44e2-977c-f8fc2471a2ce",5,48000,"1.54M",TRUE,FALSE,FALSE,NA,NA,"Fiddle-Pheno",5344,"https://prod.wildtrax.ca/media/aru/eb/41/16/d2-4f9b-44e2-977c-f8fc2471a2ce/5731022.flac"
5731014,"flac",28864796,300,NA,NA,2026-06-01 06:03:00,2026-09-16 14:10:43.40601,"/tmp/f2bc1d64-c0f6-4346-92d4-938eda1919be/FIDDLE-PHENO_20260601_060300.wav",2,584132,"85e85f38-dbe8-4600-8324-2d75def43f26",5,48000,"1.54M",TRUE,FALSE,FALSE,NA,NA,"Fiddle-Pheno",5344,"https://prod.wildtrax.ca/media/aru/85/e8/5f/38-dbe8-4600-8324-2d75def43f26/5731014.flac"
5731015,"flac",29515378,300,NA,NA,2026-06-02 06:02:00,2026-09-16 14:10:54.016114,"/tmp/220858f3-ffd0-48c0-865f-46232bea956e/FIDDLE-PHENO_20260602_060200.wav",2,584132,"74bf3329-c749-4866-bf18-3c55a7c917dc",5,48000,"1.54M",TRUE,FALSE,FALSE,NA,NA,"Fiddle-Pheno",5344,"https://prod.wildtrax.ca/media/aru/74/bf/33/29-c749-4866-bf18-3c55a7c917dc/5731015.flac"
5731023,"flac",29681105,300,NA,NA,2026-06-05 05:00:00,2026-09-16 14:12:11.222384,"/tmp/12808eca-7e36-402d-a942-e411f353b084/FIDDLE-PHENO_20260605_050000.wav",2,584132,"8d276569-5d4c-43d4-b0df-0fc58b906699",5,48000,"1.54M",TRUE,FALSE,FALSE,NA,NA,"Fiddle-Pheno",5344,"https://prod.wildtrax.ca/media/aru/8d/27/65/69-5d4c-43d4-b0df-0fc58b906699/5731023.flac"
5731024,"flac",29468411,300,NA,NA,2026-06-06 05:00:00,2026-09-16 14:12:26.432217,"/tmp/09265d7e-b82c-417b-97af-ef6dbbf1d64f/FIDDLE-PHENO_20260606_050000.wav",2,584132,"9f0a6c30-a735-4897-9cac-a8ce1289f0da",5,48000,"1.54M",TRUE,FALSE,FALSE,NA,NA,"Fiddle-Pheno",5344,"https://prod.wildtrax.ca/media/aru/9f/0a/6c/30-a735-4897-9cac-a8ce1289f0da/5731024.flac"
5731025,"flac",29368188,300,NA,NA,2026-06-05 06:00:00,2026-09-16 14:12:36.402248,"/tmp/19583f68-0b26-430b-80bc-ab15a4e51f8b/FIDDLE-PHENO_20260605_060000.wav",2,584132,"1b3dd889-3fd0-4b18-872b-0ee0a6f21b01",5,48000,"1.54M",TRUE,FALSE,FALSE,NA,NA,"Fiddle-Pheno",5344,"https://prod.wildtrax.ca/media/aru/1b/3d/d8/89-3fd0-4b18-872b-0ee0a6f21b01/5731025.flac"
5731026,"flac",60924195,600,NA,NA,2026-06-04 05:31:00,2026-09-16 14:12:46.182831,"/tmp/b0089bcc-b285-44c4-b465-2efac38f942d/FIDDLE-PHENO_20260604_053100.wav",2,584132,"6eaf1ddb-0c68-43ea-9c9d-0fff06a220fd",5,48000,"1.54M",TRUE,FALSE,FALSE,NA,NA,"Fiddle-Pheno",5344,"https://prod.wildtrax.ca/media/aru/6e/af/1d/db-0c68-43ea-9c9d-0fff06a220fd/5731026.flac"
5731027,"flac",58625406,600,NA,NA,2026-06-06 05:30:00,2026-09-16 14:13:07.628441,"/tmp/5e416cb4-1794-452e-982b-bee570ad848a/FIDDLE-PHENO_20260606_053000.wav",2,584132,"243f6199-1009-4a2c-b41d-7469e2c1b3d4",5,48000,"1.54M",TRUE,FALSE,FALSE,NA,NA,"Fiddle-Pheno",5344,"https://prod.wildtrax.ca/media/aru/24/3f/61/99-1009-4a2c-b41d-7469e2c1b3d4/5731027.flac"
5731035,"flac",28559790,300,NA,NA,2026-06-07 05:59:00,2026-09-16 14:14:01.225566,"/tmp/22f6d7e0-7fd2-4c00-8ffa-31f1642eb34f/FIDDLE-PHENO_20260607_055900.wav",2,584132,"f93e8ee5-7cc2-436d-a264-6aae3e9553c8",5,48000,"1.54M",TRUE,FALSE,FALSE,NA,NA,"Fiddle-Pheno",5344,"https://prod.wildtrax.ca/media/aru/f9/3e/8e/e5-7cc2-436d-a264-6aae3e9553c8/5731035.flac"
5731028,"flac",58759143,600,NA,NA,2026-06-05 05:30:00,2026-09-16 14:13:07.642041,"/tmp/93d2c1d4-b72e-4136-8a4a-0aaaee0f45c3/FIDDLE-PHENO_20260605_053000.wav",2,584132,"63a02e79-b756-49e9-896b-7730696f346f",5,48000,"1.54M",TRUE,FALSE,FALSE,NA,NA,"Fiddle-Pheno",5344,"https://prod.wildtrax.ca/media/aru/63/a0/2e/79-b756-49e9-896b-7730696f346f/5731028.flac"
5731034,"flac",29232174,300,NA,NA,2026-06-06 06:00:00,2026-09-16 14:13:47.97615,"/tmp/2e6bf844-1007-4519-9354-c1086ef39afe/FIDDLE-PHENO_20260606_060000.wav",2,584132,"5c53341c-c902-492a-a120-574b63ac3de5",5,48000,"1.54M",TRUE,FALSE,FALSE,NA,NA,"Fiddle-Pheno",5344,"https://prod.wildtrax.ca/media/aru/5c/53/34/1c-c902-492a-a120-574b63ac3de5/5731034.flac"
5731036,"flac",28193804,300,NA,NA,2026-06-08 05:58:00,2026-09-16 14:14:25.887203,"/tmp/b3294194-0046-465f-bd88-dd775396a591/FIDDLE-PHENO_20260608_055800.wav",2,584132,"f8e53098-bc21-429a-945f-43093be6d0a0",5,48000,"1.54M",TRUE,FALSE,FALSE,NA,NA,"Fiddle-Pheno",5344,"https://prod.wildtrax.ca/media/aru/f8/e5/30/98-bc21-429a-945f-43093be6d0a0/5731036.flac"
5731041,"flac",29335484,300,NA,NA,2026-06-09 04:58:00,2026-09-16 14:14:48.039952,"/tmp/da200f87-93de-47e3-8dbc-df44ebfc5c20/FIDDLE-PHENO_20260609_045800.wav",2,584132,"3f0841c6-bcdb-4965-ad25-3141d1795caa",5,48000,"1.54M",TRUE,FALSE,FALSE,NA,NA,"Fiddle-Pheno",5344,"https://prod.wildtrax.ca/media/aru/3f/08/41/c6-bcdb-4965-ad25-3141d1795caa/5731041.flac"
5731051,"flac",58091634,600,NA,NA,2026-06-09 05:28:00,2026-09-16 14:15:54.955108,"/tmp/2f4c5f63-dbce-4c0c-866f-73e9682dbd9e/FIDDLE-PHENO_20260609_052800.wav",2,584132,"673dc40c-86d4-4aae-9e31-1c692d8bdadc",5,48000,"1.54M",TRUE,FALSE,FALSE,NA,NA,"Fiddle-Pheno",5344,"https://prod.wildtrax.ca/media/aru/67/3d/c4/0c-86d4-4aae-9e31-1c692d8bdadc/5731051.flac"
5731060,"flac",60214271,600,NA,NA,2026-06-14 05:26:00,2026-09-16 14:19:15.292112,"/tmp/0cf3b6d2-2a55-4bc0-ba84-7d6a67b1d9e5/FIDDLE-PHENO_20260614_052600.wav",2,584132,"07d54130-5641-4e2c-875c-77b17ec5449c",5,48000,"1.54M",TRUE,FALSE,FALSE,NA,NA,"Fiddle-Pheno",5344,"https://prod.wildtrax.ca/media/aru/07/d5/41/30-5641-4e2c-875c-77b17ec5449c/5731060.flac"
5731069,"flac",30671768,300,NA,NA,2026-06-17 04:56:00,2026-09-16 14:21:00.015635,"/tmp/d2700df2-1ba8-4019-8088-0d70851175b8/FIDDLE-PHENO_20260617_045600.wav",2,584132,"ddcb27f3-9a04-48f6-b220-d803f33367c0",5,48000,"1.54M",TRUE,FALSE,FALSE,NA,NA,"Fiddle-Pheno",5344,"https://prod.wildtrax.ca/media/aru/dd/cb/27/f3-9a04-48f6-b220-d803f33367c0/5731069.flac"
5731070,"flac",59968078,600,NA,NA,2026-06-16 05:26:00,2026-09-16 14:21:17.924903,"/tmp/2a8112a7-fb13-4824-b1c5-aced59c2302a/FIDDLE-PHENO_20260616_052600.wav",2,584132,"685d99f4-d797-47cf-b84e-174e3f928d0d",5,48000,"1.54M",TRUE,FALSE,FALSE,NA,NA,"Fiddle-Pheno",5344,"https://prod.wildtrax.ca/media/aru/68/5d/99/f4-d797-47cf-b84e-174e3f928d0d/5731070.flac"
5731071,"flac",59082571,600,NA,NA,2026-06-17 05:26:00,2026-09-16 14:21:27.953926,"/tmp/9a48763d-271f-41de-913f-6e25ca37370c/FIDDLE-PHENO_20260617_052600.wav",2,584132,"66e8bda7-5551-4593-9c09-2019036dabc6",5,48000,"1.54M",TRUE,FALSE,FALSE,NA,NA,"Fiddle-Pheno",5344,"https://prod.wildtrax.ca/media/aru/66/e8/bd/a7-5551-4593-9c09-2019036dabc6/5731071.flac"
5731073,"flac",29726158,300,NA,NA,2026-06-18 05:56:00,2026-09-16 14:21:46.686064,"/tmp/b3e7ea7c-d000-4a72-9577-f3e9e05869ba/FIDDLE-PHENO_20260618_055600.wav",2,584132,"40d87896-2981-48b1-b970-55b0a2d765f1",5,48000,"1.54M",TRUE,FALSE,FALSE,NA,NA,"Fiddle-Pheno",5344,"https://prod.wildtrax.ca/media/aru/40/d8/78/96-2981-48b1-b970-55b0a2d765f1/5731073.flac"
5731076,"flac",30496352,300,NA,NA,2026-06-19 04:56:00,2026-09-16 14:22:19.701801,"/tmp/72863105-549a-4e00-81db-bd34199a0273/FIDDLE-PHENO_20260619_045600.wav",2,584132,"9cfd171e-a454-4164-91cf-400ad11ce276",5,48000,"1.54M",TRUE,FALSE,FALSE,NA,NA,"Fiddle-Pheno",5344,"https://prod.wildtrax.ca/media/aru/9c/fd/17/1e-a454-4164-91cf-400ad11ce276/5731076.flac"
5731083,"flac",61612750,600,NA,NA,2026-06-20 05:26:00,2026-09-16 14:23:21.475083,"/tmp/e86fd49e-f3ac-4cbe-96df-5e917daf8559/FIDDLE-PHENO_20260620_052600.wav",2,584132,"294ad474-3d34-4620-a80f-17a3b4533299",5,48000,"1.54M",TRUE,FALSE,FALSE,NA,NA,"Fiddle-Pheno",5344,"https://prod.wildtrax.ca/media/aru/29/4a/d4/74-3d34-4620-a80f-17a3b4533299/5731083.flac"
5731087,"flac",58302622,600,NA,NA,2026-06-21 05:27:00,2026-09-16 14:24:01.861565,"/tmp/1e12ee56-6326-4887-b3e5-2ef96070e463/FIDDLE-PHENO_20260621_052700.wav",2,584132,"99288de2-0620-47b3-9139-28ecee96b616",5,48000,"1.54M",TRUE,FALSE,FALSE,NA,NA,"Fiddle-Pheno",5344,"https://prod.wildtrax.ca/media/aru/99/28/8d/e2-0620-47b3-9139-28ecee96b616/5731087.flac"
5731091,"flac",30716157,300,NA,NA,2026-06-24 05:58:00,2026-09-16 14:24:36.133885,"/tmp/50284807-4a1b-48af-897f-2d71da60389b/FIDDLE-PHENO_20260624_055800.wav",2,584132,"b38b3453-9920-4377-a003-2945bd3c8bfe",5,48000,"1.54M",TRUE,FALSE,FALSE,NA,NA,"Fiddle-Pheno",5344,"https://prod.wildtrax.ca/media/aru/b3/8b/34/53-9920-4377-a003-2945bd3c8bfe/5731091.flac"
5731094,"flac",60955872,600,NA,NA,2026-06-25 05:28:00,2026-09-16 14:25:23.671188,"/tmp/cc5d5dcd-4b82-4ca2-865e-7c50d3b8fcee/FIDDLE-PHENO_20260625_052800.wav",2,584132,"834205cb-dedc-4f37-bc30-dd68fe5e133b",5,48000,"1.54M",TRUE,FALSE,FALSE,NA,NA,"Fiddle-Pheno",5344,"https://prod.wildtrax.ca/media/aru/83/42/05/cb-dedc-4f37-bc30-dd68fe5e133b/5731094.flac"
5731095,"flac",30602276,300,NA,NA,2026-06-25 05:58:00,2026-09-16 14:25:31.617537,"/tmp/eaa72045-ddf2-4e12-9594-776430a236db/FIDDLE-PHENO_20260625_055800.wav",2,584132,"e004bf7e-9223-4d13-9b31-6ca480e1e3f5",5,48000,"1.54M",TRUE,FALSE,FALSE,NA,NA,"Fiddle-Pheno",5344,"https://prod.wildtrax.ca/media/aru/e0/04/bf/7e-9223-4d13-9b31-6ca480e1e3f5/5731095.flac"
5731032,"flac",28826431,300,NA,NA,2026-06-07 04:59:00,2026-09-16 14:13:43.722273,"/tmp/ca04f6c4-0a44-488e-b418-9f1c50e935f6/FIDDLE-PHENO_20260607_045900.wav",2,584132,"e77bb741-48fa-437e-9be1-ed561d2d2f30",5,48000,"1.54M",TRUE,FALSE,FALSE,NA,NA,"Fiddle-Pheno",5344,"https://prod.wildtrax.ca/media/aru/e7/7b/b7/41-48fa-437e-9be1-ed561d2d2f30/5731032.flac"
5731037,"flac",29810765,300,NA,NA,2026-06-08 04:58:00,2026-09-16 14:14:27.138274,"/tmp/c3f375ba-8fba-4eba-b19a-741363e4bbce/FIDDLE-PHENO_20260608_045800.wav",2,584132,"596c9bd1-75d7-437d-aab9-f7a64afa7e16",5,48000,"1.54M",TRUE,FALSE,FALSE,NA,NA,"Fiddle-Pheno",5344,"https://prod.wildtrax.ca/media/aru/59/6c/9b/d1-75d7-437d-aab9-f7a64afa7e16/5731037.flac"
5731046,"flac",30562676,300,NA,NA,2026-06-10 05:58:00,2026-09-16 14:15:19.006075,"/tmp/8144fd3a-988f-4d29-bac1-d7ce0a4cdc43/FIDDLE-PHENO_20260610_055800.wav",2,584132,"b377de6e-bf6a-4f2f-885d-8e1a7153547a",5,48000,"1.54M",TRUE,FALSE,FALSE,NA,NA,"Fiddle-Pheno",5344,"https://prod.wildtrax.ca/media/aru/b3/77/de/6e-bf6a-4f2f-885d-8e1a7153547a/5731046.flac"
5731064,"flac",59585056,600,NA,NA,2026-06-13 05:27:00,2026-09-16 14:20:05.961515,"/tmp/d48587c9-790e-41de-9181-c4eb9c7625f3/FIDDLE-PHENO_20260613_052700.wav",2,584132,"18f5633b-b32e-40f9-8ff5-dbcb08ffc056",5,48000,"1.54M",TRUE,FALSE,FALSE,NA,NA,"Fiddle-Pheno",5344,"https://prod.wildtrax.ca/media/aru/18/f5/63/3b-b32e-40f9-8ff5-dbcb08ffc056/5731064.flac"
5731072,"flac",29590399,300,NA,NA,2026-06-17 05:56:00,2026-09-16 14:21:34.667093,"/tmp/9e4198b9-c68b-4bb3-9a30-f0ec298b8a27/FIDDLE-PHENO_20260617_055600.wav",2,584132,"2adee3c0-8455-4a68-bbca-bf27ff0470f2",5,48000,"1.54M",TRUE,FALSE,FALSE,NA,NA,"Fiddle-Pheno",5344,"https://prod.wildtrax.ca/media/aru/2a/de/e3/c0-8455-4a68-bbca-bf27ff0470f2/5731072.flac"
5731081,"flac",31442319,300,NA,NA,2026-06-20 05:56:00,2026-09-16 14:23:00.662212,"/tmp/6339a483-2ec8-4e5b-93df-381bb0b20e02/FIDDLE-PHENO_20260620_055600.wav",2,584132,"23ffbb95-efce-4eb9-a000-441bfcee9763",5,48000,"1.54M",TRUE,FALSE,FALSE,NA,NA,"Fiddle-Pheno",5344,"https://prod.wildtrax.ca/media/aru/23/ff/bb/95-efce-4eb9-a000-441bfcee9763/5731081.flac"
5731088,"flac",29478767,300,NA,NA,2026-06-23 04:57:00,2026-09-16 14:24:12.444193,"/tmp/aebb00b9-947f-4cbc-bc5a-a90f85189926/FIDDLE-PHENO_20260623_045700.wav",2,584132,"17d60db2-9cb4-4567-904f-9233eb62d1fd",5,48000,"1.54M",TRUE,FALSE,FALSE,NA,NA,"Fiddle-Pheno",5344,"https://prod.wildtrax.ca/media/aru/17/d6/0d/b2-9cb4-4567-904f-9233eb62d1fd/5731088.flac"
5731097,"flac",30575199,300,NA,NA,2026-06-26 04:58:00,2026-09-16 14:25:40.019975,"/tmp/6dabb87b-7779-4e8c-a344-da85db753af1/FIDDLE-PHENO_20260626_045800.wav",2,584132,"0c441190-5e7a-4648-bf08-d36f6d222a99",5,48000,"1.54M",TRUE,FALSE,FALSE,NA,NA,"Fiddle-Pheno",5344,"https://prod.wildtrax.ca/media/aru/0c/44/11/90-5e7a-4648-bf08-d36f6d222a99/5731097.flac"
5731040,"flac",57191083,600,NA,NA,2026-06-07 05:29:00,2026-09-16 14:14:39.771467,"/tmp/fd42f761-1913-4258-abbd-4229a577b992/FIDDLE-PHENO_20260607_052900.wav",2,584132,"323b3df4-db3b-448a-8325-cafeb622f579",5,48000,"1.54M",TRUE,FALSE,FALSE,NA,NA,"Fiddle-Pheno",5344,"https://prod.wildtrax.ca/media/aru/32/3b/3d/f4-db3b-448a-8325-cafeb622f579/5731040.flac"
5731047,"flac",28977433,300,NA,NA,2026-06-09 05:58:00,2026-09-16 14:15:39.314218,"/tmp/8a731ce3-ca6b-4b39-afa3-fa693c0dddeb/FIDDLE-PHENO_20260609_055800.wav",2,584132,"005a8848-9178-48fb-9fed-264d39e8bf89",5,48000,"1.54M",TRUE,FALSE,FALSE,NA,NA,"Fiddle-Pheno",5344,"https://prod.wildtrax.ca/media/aru/00/5a/88/48-9178-48fb-9fed-264d39e8bf89/5731047.flac"
5731053,"flac",60728182,600,NA,NA,2026-06-10 05:28:00,2026-09-16 14:16:19.922609,"/tmp/109557e2-e020-4a1b-a528-a13d41d5da69/FIDDLE-PHENO_20260610_052800.wav",2,584132,"4b8b7ad6-56fa-4c8a-8797-1141244e6a52",5,48000,"1.54M",TRUE,FALSE,FALSE,NA,NA,"Fiddle-Pheno",5344,"https://prod.wildtrax.ca/media/aru/4b/8b/7a/d6-56fa-4c8a-8797-1141244e6a52/5731053.flac"
5731061,"flac",29785319,300,NA,NA,2026-06-13 05:57:00,2026-09-16 14:19:23.19631,"/tmp/6fbe412a-1ef1-4726-847e-a11a8600b789/FIDDLE-PHENO_20260613_055700.wav",2,584132,"ed581d78-c4ba-4cc7-b70f-389dc1738b89",5,48000,"1.54M",TRUE,FALSE,FALSE,NA,NA,"Fiddle-Pheno",5344,"https://prod.wildtrax.ca/media/aru/ed/58/1d/78-c4ba-4cc7-b70f-389dc1738b89/5731061.flac"
5731065,"flac",30199373,300,NA,NA,2026-06-16 04:56:00,2026-09-16 14:20:12.025097,"/tmp/1e532726-a3fe-4b55-b145-a6e493eb81ac/FIDDLE-PHENO_20260616_045600.wav",2,584132,"9e579206-1fdd-462b-8f3a-43451e62e1f6",5,48000,"1.54M",TRUE,FALSE,FALSE,NA,NA,"Fiddle-Pheno",5344,"https://prod.wildtrax.ca/media/aru/9e/57/92/06-1fdd-462b-8f3a-43451e62e1f6/5731065.flac"
5731075,"flac",29917005,300,NA,NA,2026-06-19 05:56:00,2026-09-16 14:22:14.122325,"/tmp/fe42718d-7d75-4376-bd33-40cac28df1e6/FIDDLE-PHENO_20260619_055600.wav",2,584132,"a61b884a-6286-4fc9-97b9-b12f3f6c3505",5,48000,"1.54M",TRUE,FALSE,FALSE,NA,NA,"Fiddle-Pheno",5344,"https://prod.wildtrax.ca/media/aru/a6/1b/88/4a-6286-4fc9-97b9-b12f3f6c3505/5731075.flac"
5731077,"flac",59938790,600,NA,NA,2026-06-18 05:26:00,2026-09-16 14:22:29.633257,"/tmp/24f112c3-d35c-42d7-bd2e-eb26401c0345/FIDDLE-PHENO_20260618_052600.wav",2,584132,"c7452326-f7d3-4edf-ab09-0202033f74a9",5,48000,"1.54M",TRUE,FALSE,FALSE,NA,NA,"Fiddle-Pheno",5344,"https://prod.wildtrax.ca/media/aru/c7/45/23/26-f7d3-4edf-ab09-0202033f74a9/5731077.flac"
5731080,"flac",29361373,300,NA,NA,2026-06-21 04:57:00,2026-09-16 14:22:52.273977,"/tmp/16a8b22a-4e05-4956-91b6-9c8e0ce93047/FIDDLE-PHENO_20260621_045700.wav",2,584132,"bc6223bd-167d-40e5-9e8e-14e3e391c28c",5,48000,"1.54M",TRUE,FALSE,FALSE,NA,NA,"Fiddle-Pheno",5344,"https://prod.wildtrax.ca/media/aru/bc/62/23/bd-167d-40e5-9e8e-14e3e391c28c/5731080.flac"
5731086,"flac",58977914,600,NA,NA,2026-06-22 05:27:00,2026-09-16 14:23:57.74773,"/tmp/2da55837-cd04-4778-a881-0e30d8425f35/FIDDLE-PHENO_20260622_052700.wav",2,584132,"3f3712ab-b083-4b59-b4ca-78985909c769",5,48000,"1.54M",TRUE,FALSE,FALSE,NA,NA,"Fiddle-Pheno",5344,"https://prod.wildtrax.ca/media/aru/3f/37/12/ab-b083-4b59-b4ca-78985909c769/5731086.flac"
5731093,"flac",58534603,600,NA,NA,2026-06-23 05:27:00,2026-09-16 14:25:18.715986,"/tmp/d1d33c76-88f0-4a7b-af74-f263b28bcb2d/FIDDLE-PHENO_20260623_052700.wav",2,584132,"e9336017-0438-4470-9d13-cca601cffcd4",5,48000,"1.54M",TRUE,FALSE,FALSE,NA,NA,"Fiddle-Pheno",5344,"https://prod.wildtrax.ca/media/aru/e9/33/60/17-0438-4470-9d13-cca601cffcd4/5731093.flac"
5731100,"flac",30070086,300,NA,NA,2026-06-26 05:58:00,2026-09-16 14:26:15.651394,"/tmp/11dec329-1a6a-4e7c-93c9-e51db624fe4b/FIDDLE-PHENO_20260626_055800.wav",2,584132,"2e32a0bd-58aa-4e1c-9d18-e3aa4d8cd87d",5,48000,"1.54M",TRUE,FALSE,FALSE,NA,NA,"Fiddle-Pheno",5344,"https://prod.wildtrax.ca/media/aru/2e/32/a0/bd-58aa-4e1c-9d18-e3aa4d8cd87d/5731100.flac"
5731074,"flac",30583345,300,NA,NA,2026-06-18 04:56:00,2026-09-16 14:21:48.924569,"/tmp/b4ac99f6-0d1a-4d37-9199-0c78b94d4c94/FIDDLE-PHENO_20260618_045600.wav",2,584132,"bfcfa7de-4bf8-4960-a9f6-30533c82c049",5,48000,"1.54M",TRUE,FALSE,FALSE,NA,NA,"Fiddle-Pheno",5344,"https://prod.wildtrax.ca/media/aru/bf/cf/a7/de-4bf8-4960-a9f6-30533c82c049/5731074.flac"
5731082,"flac",29137756,300,NA,NA,2026-06-21 05:57:00,2026-09-16 14:23:11.559831,"/tmp/91879344-113c-43c7-84ca-1add3578a720/FIDDLE-PHENO_20260621_055700.wav",2,584132,"56b2cecf-7045-47f1-98f9-f7f9dba2b1ec",5,48000,"1.54M",TRUE,FALSE,FALSE,NA,NA,"Fiddle-Pheno",5344,"https://prod.wildtrax.ca/media/aru/56/b2/ce/cf-7045-47f1-98f9-f7f9dba2b1ec/5731082.flac"
5731085,"flac",29383935,300,NA,NA,2026-06-22 05:57:00,2026-09-16 14:23:52.477248,"/tmp/31529b5f-fad8-4aa8-a426-d5514aab84a1/FIDDLE-PHENO_20260622_055700.wav",2,584132,"0d5b675a-893f-46a1-a224-222979be508e",5,48000,"1.54M",TRUE,FALSE,FALSE,NA,NA,"Fiddle-Pheno",5344,"https://prod.wildtrax.ca/media/aru/0d/5b/67/5a-893f-46a1-a224-222979be508e/5731085.flac"
5731096,"flac",61629868,600,NA,NA,2026-06-24 05:28:00,2026-09-16 14:25:32.415979,"/tmp/c13d3495-3407-4fd0-b6d8-af5f8c1706e5/FIDDLE-PHENO_20260624_052800.wav",2,584132,"2c83c2d8-0e04-4a34-92b6-698fc320c48c",5,48000,"1.54M",TRUE,FALSE,FALSE,NA,NA,"Fiddle-Pheno",5344,"https://prod.wildtrax.ca/media/aru/2c/83/c2/d8-0e04-4a34-92b6-698fc320c48c/5731096.flac"
5731098,"flac",60433258,600,NA,NA,2026-06-26 05:28:00,2026-09-16 14:26:11.929922,"/tmp/b4a41179-76cc-442b-83cf-1807796b3dcf/FIDDLE-PHENO_20260626_052800.wav",2,584132,"f14ed9d8-9e6f-40e7-88e1-fdb909123838",5,48000,"1.54M",TRUE,FALSE,FALSE,NA,NA,"Fiddle-Pheno",5344,"https://prod.wildtrax.ca/media/aru/f1/4e/d9/d8-9e6f-40e7-88e1-fdb909123838/5731098.flac"
5731102,"flac",29689880,300,NA,NA,2026-06-27 05:59:00,2026-09-16 14:26:41.303997,"/tmp/e85c04c4-b133-4184-8614-988532cd9c06/FIDDLE-PHENO_20260627_055900.wav",2,584132,"694f7dd8-f29f-45fb-bbae-dab4563ff48d",5,48000,"1.54M",TRUE,FALSE,FALSE,NA,NA,"Fiddle-Pheno",5344,"https://prod.wildtrax.ca/media/aru/69/4f/7d/d8-f29f-45fb-bbae-dab4563ff48d/5731102.flac"
5731103,"flac",29887345,300,NA,NA,2026-06-28 05:59:00,2026-09-16 14:26:51.994153,"/tmp/3f3621d1-6a52-4608-8950-b9ab3756ef0a/FIDDLE-PHENO_20260628_055900.wav",2,584132,"e3c04726-eb87-43d6-83d1-c5d746ae374d",5,48000,"1.54M",TRUE,FALSE,FALSE,NA,NA,"Fiddle-Pheno",5344,"https://prod.wildtrax.ca/media/aru/e3/c0/47/26-eb87-43d6-83d1-c5d746ae374d/5731103.flac"
5731107,"flac",60139751,600,NA,NA,2026-06-28 05:29:00,2026-09-16 14:27:25.365811,"/tmp/17b44439-f8bd-4f97-98c5-393c0195a7e6/FIDDLE-PHENO_20260628_052900.wav",2,584132,"bafeebb0-25a0-447a-94f3-c5d345dc4626",5,48000,"1.54M",TRUE,FALSE,FALSE,NA,NA,"Fiddle-Pheno",5344,"https://prod.wildtrax.ca/media/aru/ba/fe/eb/b0-25a0-447a-94f3-c5d345dc4626/5731107.flac"
5731042,"flac",56455331,600,NA,NA,2026-06-08 05:28:00,2026-09-16 14:14:52.147379,"/tmp/91db31d3-a835-4b21-9b6c-3030fad7452a/FIDDLE-PHENO_20260608_052800.wav",2,584132,"6b9852ae-c71f-42d4-96e3-edff99dcd8f6",5,48000,"1.54M",TRUE,FALSE,FALSE,NA,NA,"Fiddle-Pheno",5344,"https://prod.wildtrax.ca/media/aru/6b/98/52/ae-c71f-42d4-96e3-edff99dcd8f6/5731042.flac"
5731048,"flac",30792345,300,NA,NA,2026-06-11 04:57:00,2026-09-16 14:15:42.284781,"/tmp/3d8f1790-9cfe-4f2e-8895-eb6c2012da2b/FIDDLE-PHENO_20260611_045700.wav",2,584132,"2510f9eb-f7a6-412c-8c8d-4486c9f417c4",5,48000,"1.54M",TRUE,FALSE,FALSE,NA,NA,"Fiddle-Pheno",5344,"https://prod.wildtrax.ca/media/aru/25/10/f9/eb-f7a6-412c-8c8d-4486c9f417c4/5731048.flac"
5731052,"flac",30139824,300,NA,NA,2026-06-11 05:57:00,2026-09-16 14:16:10.452768,"/tmp/ed03b308-acea-410e-9a02-8b53ad24a100/FIDDLE-PHENO_20260611_055700.wav",2,584132,"f3f35908-f838-4cdf-9cfe-84579b768046",5,48000,"1.54M",TRUE,FALSE,FALSE,NA,NA,"Fiddle-Pheno",5344,"https://prod.wildtrax.ca/media/aru/f3/f3/59/08-f838-4cdf-9cfe-84579b768046/5731052.flac"
5731054,"flac",30190411,300,NA,NA,2026-06-12 04:57:00,2026-09-16 14:16:32.588459,"/tmp/90b67b99-bbb1-4e74-b678-8b25592f38b7/FIDDLE-PHENO_20260612_045700.wav",2,584132,"8bbc6f2c-6f2b-4f4e-bd85-c222c93400b1",5,48000,"1.54M",TRUE,FALSE,FALSE,NA,NA,"Fiddle-Pheno",5344,"https://prod.wildtrax.ca/media/aru/8b/bc/6f/2c-6f2b-4f4e-bd85-c222c93400b1/5731054.flac"
5731055,"flac",29783155,300,NA,NA,2026-06-12 05:57:00,2026-09-16 14:17:35.559938,"/tmp/9d769f70-8825-4c2a-8806-ae120601625c/FIDDLE-PHENO_20260612_055700.wav",2,584132,"4c8a8108-cc25-40d8-b9b5-72792866ba4a",5,48000,"1.54M",TRUE,FALSE,FALSE,NA,NA,"Fiddle-Pheno",5344,"https://prod.wildtrax.ca/media/aru/4c/8a/81/08-cc25-40d8-b9b5-72792866ba4a/5731055.flac"
5731059,"flac",30346372,300,NA,NA,2026-06-14 04:56:00,2026-09-16 14:19:10.980038,"/tmp/0e8b95b1-01f5-4f3b-bd73-4d1b1621e2ea/FIDDLE-PHENO_20260614_045600.wav",2,584132,"4777c127-34e6-4467-8d9e-537ad2f9b021",5,48000,"1.54M",TRUE,FALSE,FALSE,NA,NA,"Fiddle-Pheno",5344,"https://prod.wildtrax.ca/media/aru/47/77/c1/27-34e6-4467-8d9e-537ad2f9b021/5731059.flac"
5731062,"flac",30013128,300,NA,NA,2026-06-14 05:56:00,2026-09-16 14:19:50.951962,"/tmp/c413d3a1-7d00-43a8-b698-7f5c1d6a4dfe/FIDDLE-PHENO_20260614_055600.wav",2,584132,"9a89aed4-83ba-43b4-a7a1-5ed80f8b6429",5,48000,"1.54M",TRUE,FALSE,FALSE,NA,NA,"Fiddle-Pheno",5344,"https://prod.wildtrax.ca/media/aru/9a/89/ae/d4-83ba-43b4-a7a1-5ed80f8b6429/5731062.flac"
5731043,"flac",30961013,300,NA,NA,2026-06-10 04:58:00,2026-09-16 14:15:04.088542,"/tmp/c01c3752-23a0-4e86-bab2-f7aa0a330d61/FIDDLE-PHENO_20260610_045800.wav",2,584132,"1b6892c0-5a1c-48d1-8f62-f6de698cd2e1",5,48000,"1.54M",TRUE,FALSE,FALSE,NA,NA,"Fiddle-Pheno",5344,"https://prod.wildtrax.ca/media/aru/1b/68/92/c0-5a1c-48d1-8f62-f6de698cd2e1/5731043.flac"
5731056,"flac",60696643,600,NA,NA,2026-06-11 05:27:00,2026-09-16 14:17:41.045954,"/tmp/5e5b7d28-71de-4589-af85-4c6853d79e7b/FIDDLE-PHENO_20260611_052700.wav",2,584132,"b9db9500-0300-4c65-bd7c-261be1433f95",5,48000,"1.54M",TRUE,FALSE,FALSE,NA,NA,"Fiddle-Pheno",5344,"https://prod.wildtrax.ca/media/aru/b9/db/95/00-0300-4c65-bd7c-261be1433f95/5731056.flac"
5731068,"flac",60501051,600,NA,NA,2026-06-15 05:26:00,2026-09-16 14:20:44.853908,"/tmp/1a57a780-9f83-4370-bbc5-c756c11d2260/FIDDLE-PHENO_20260615_052600.wav",2,584132,"8af6742d-f1b6-4b77-a84a-3d683acaa4c5",5,48000,"1.54M",TRUE,FALSE,FALSE,NA,NA,"Fiddle-Pheno",5344,"https://prod.wildtrax.ca/media/aru/8a/f6/74/2d-f1b6-4b77-a84a-3d683acaa4c5/5731068.flac"
5731079,"flac",31094697,300,NA,NA,2026-06-20 04:56:00,2026-09-16 14:22:35.730998,"/tmp/f6b82c6d-1c7a-43b8-a258-ad880c860900/FIDDLE-PHENO_20260620_045600.wav",2,584132,"ee73d17a-3575-42ae-91ef-9a3f39fd993b",5,48000,"1.54M",TRUE,FALSE,FALSE,NA,NA,"Fiddle-Pheno",5344,"https://prod.wildtrax.ca/media/aru/ee/73/d1/7a-3575-42ae-91ef-9a3f39fd993b/5731079.flac"
5731101,"flac",30619355,300,NA,NA,2026-06-28 04:59:00,2026-09-16 14:26:32.825209,"/tmp/a2bc8165-94a2-4e87-9088-d1355f180881/FIDDLE-PHENO_20260628_045900.wav",2,584132,"e1a5bf7d-0d45-431a-b682-0171c155a964",5,48000,"1.54M",TRUE,FALSE,FALSE,NA,NA,"Fiddle-Pheno",5344,"https://prod.wildtrax.ca/media/aru/e1/a5/bf/7d-0d45-431a-b682-0171c155a964/5731101.flac"
5731067,"flac",29909665,300,NA,NA,2026-06-16 05:56:00,2026-09-16 14:20:38.810991,"/tmp/06e09198-1086-4a10-ab1d-959a79a7ec48/FIDDLE-PHENO_20260616_055600.wav",2,584132,"9a4489ea-b082-4a0a-b3ce-15ba50f4b2b8",5,48000,"1.54M",TRUE,FALSE,FALSE,NA,NA,"Fiddle-Pheno",5344,"https://prod.wildtrax.ca/media/aru/9a/44/89/ea-b082-4a0a-b3ce-15ba50f4b2b8/5731067.flac"
5731078,"flac",60423225,600,NA,NA,2026-06-19 05:26:00,2026-09-16 14:22:32.732815,"/tmp/8d671fb5-7162-427f-b7f7-c8c019ae2307/FIDDLE-PHENO_20260619_052600.wav",2,584132,"30e4f72d-9a84-4412-a2e7-b6ae9f198f82",5,48000,"1.54M",TRUE,FALSE,FALSE,NA,NA,"Fiddle-Pheno",5344,"https://prod.wildtrax.ca/media/aru/30/e4/f7/2d-9a84-4412-a2e7-b6ae9f198f82/5731078.flac"
5731104,"flac",60140838,600,NA,NA,2026-06-27 05:29:00,2026-09-16 14:27:08.68044,"/tmp/6f1c02ae-157d-43fb-926f-7c7745c64186/FIDDLE-PHENO_20260627_052900.wav",2,584132,"cfb35952-ca3d-45fd-8e60-a8f450af8e3f",5,48000,"1.54M",TRUE,FALSE,FALSE,NA,NA,"Fiddle-Pheno",5344,"https://prod.wildtrax.ca/media/aru/cf/b3/59/52-ca3d-45fd-8e60-a8f450af8e3f/5731104.flac"
5731057,"flac",30070599,300,NA,NA,2026-06-13 04:57:00,2026-09-16 14:17:46.209886,"/tmp/8fbb9f34-1c51-43db-b7e9-b2ad50e781dc/FIDDLE-PHENO_20260613_045700.wav",2,584132,"606bcf14-4cb0-416e-a16d-9f2f03ee0d8e",5,48000,"1.54M",TRUE,FALSE,FALSE,NA,NA,"Fiddle-Pheno",5344,"https://prod.wildtrax.ca/media/aru/60/6b/cf/14-4cb0-416e-a16d-9f2f03ee0d8e/5731057.flac"
5731066,"flac",30006786,300,NA,NA,2026-06-15 05:56:00,2026-09-16 14:20:16.81024,"/tmp/d3531298-51f4-4616-85ef-df484bf62f36/FIDDLE-PHENO_20260615_055600.wav",2,584132,"45dabd6c-921b-4e5d-9d6a-ffa467b8c235",5,48000,"1.54M",TRUE,FALSE,FALSE,NA,NA,"Fiddle-Pheno",5344,"https://prod.wildtrax.ca/media/aru/45/da/bd/6c-921b-4e5d-9d6a-ffa467b8c235/5731066.flac"
5731099,"flac",30254194,300,NA,NA,2026-06-27 04:59:00,2026-09-16 14:26:13.699553,"/tmp/d0948a3f-fbdb-4e88-9498-f95411b3cd34/FIDDLE-PHENO_20260627_045900.wav",2,584132,"8fc15538-fd2a-4722-83f5-ccc237a35e50",5,48000,"1.54M",TRUE,FALSE,FALSE,NA,NA,"Fiddle-Pheno",5344,"https://prod.wildtrax.ca/media/aru/8f/c1/55/38-fd2a-4722-83f5-ccc237a35e50/5731099.flac"
5731108,"flac",30492988,300,NA,NA,2026-06-29 06:00:00,2026-09-16 14:27:31.887667,"/tmp/0879d224-db11-48ed-896b-1bf78f48516b/FIDDLE-PHENO_20260629_060000.wav",2,584132,"a02f1cf7-ca93-4498-b053-a53747846f49",5,48000,"1.54M",TRUE,FALSE,FALSE,NA,NA,"Fiddle-Pheno",5344,"https://prod.wildtrax.ca/media/aru/a0/2f/1c/f7-ca93-4498-b053-a53747846f49/5731108.flac"
5731058,"flac",59939293,600,NA,NA,2026-06-12 05:27:00,2026-09-16 14:18:04.16695,"/tmp/92a919e2-b8bd-41d3-bc61-f1fd753acceb/FIDDLE-PHENO_20260612_052700.wav",2,584132,"1107d9c9-f98e-4af6-b7c7-ae8294e6b286",5,48000,"1.54M",TRUE,FALSE,FALSE,NA,NA,"Fiddle-Pheno",5344,"https://prod.wildtrax.ca/media/aru/11/07/d9/c9-f98e-4af6-b7c7-ae8294e6b286/5731058.flac"
5731063,"flac",30423639,300,NA,NA,2026-06-15 04:56:00,2026-09-16 14:19:51.757764,"/tmp/4ee93e52-782f-42f6-a92a-275c0714913a/FIDDLE-PHENO_20260615_045600.wav",2,584132,"8fb556b5-b4fa-4a45-8b73-1349400ccd63",5,48000,"1.54M",TRUE,FALSE,FALSE,NA,NA,"Fiddle-Pheno",5344,"https://prod.wildtrax.ca/media/aru/8f/b5/56/b5-b4fa-4a45-8b73-1349400ccd63/5731063.flac"
5731084,"flac",29789240,300,NA,NA,2026-06-22 04:57:00,2026-09-16 14:23:40.655077,"/tmp/e22afcfd-3769-4f42-aa8a-419ec26f0e11/FIDDLE-PHENO_20260622_045700.wav",2,584132,"30dace9a-1c22-4f74-bfe0-46a7a3a77941",5,48000,"1.54M",TRUE,FALSE,FALSE,NA,NA,"Fiddle-Pheno",5344,"https://prod.wildtrax.ca/media/aru/30/da/ce/9a-1c22-4f74-bfe0-46a7a3a77941/5731084.flac"
5731089,"flac",29199598,300,NA,NA,2026-06-23 05:57:00,2026-09-16 14:24:18.60413,"/tmp/6f27807a-5f6f-40b0-bdc9-1fb13b70ab14/FIDDLE-PHENO_20260623_055700.wav",2,584132,"a44ac53f-de4c-48ae-b083-6c832e9c50fc",5,48000,"1.54M",TRUE,FALSE,FALSE,NA,NA,"Fiddle-Pheno",5344,"https://prod.wildtrax.ca/media/aru/a4/4a/c5/3f-de4c-48ae-b083-6c832e9c50fc/5731089.flac"
5731090,"flac",30774444,300,NA,NA,2026-06-24 04:58:00,2026-09-16 14:24:27.024599,"/tmp/2c66c4eb-ab8a-48e0-b17b-bf6e41614fb4/FIDDLE-PHENO_20260624_045800.wav",2,584132,"6f8b542c-f67b-41d7-a07e-c23aeca1bbb3",5,48000,"1.54M",TRUE,FALSE,FALSE,NA,NA,"Fiddle-Pheno",5344,"https://prod.wildtrax.ca/media/aru/6f/8b/54/2c-f67b-41d7-a07e-c23aeca1bbb3/5731090.flac"
5731092,"flac",30764853,300,NA,NA,2026-06-25 04:58:00,2026-09-16 14:24:51.899178,"/tmp/f8e62e1b-5918-40e3-8e76-6b4523cadf54/FIDDLE-PHENO_20260625_045800.wav",2,584132,"b7fa6032-3fdb-4a27-b365-53b603e3e724",5,48000,"1.54M",TRUE,FALSE,FALSE,NA,NA,"Fiddle-Pheno",5344,"https://prod.wildtrax.ca/media/aru/b7/fa/60/32-3fdb-4a27-b365-53b603e3e724/5731092.flac"
5731105,"flac",30787140,300,NA,NA,2026-06-29 05:00:00,2026-09-16 14:27:18.283844,"/tmp/e195fd51-dd5b-49b1-a56a-019a2647042b/FIDDLE-PHENO_20260629_050000.wav",2,584132,"10d70912-4780-4a97-9d6b-5d856a1959ab",5,48000,"1.54M",TRUE,FALSE,FALSE,NA,NA,"Fiddle-Pheno",5344,"https://prod.wildtrax.ca/media/aru/10/d7/09/12-4780-4a97-9d6b-5d856a1959ab/5731105.flac"
5731106,"flac",61140069,600,NA,NA,2026-06-29 05:30:00,2026-09-16 14:27:23.898233,"/tmp/1bf07482-5507-4fdc-99fe-6cb8e55af2f2/FIDDLE-PHENO_20260629_053000.wav",2,584132,"bc76f626-d110-4b56-b2d0-4d9924f323ee",5,48000,"1.54M",TRUE,FALSE,FALSE,NA,NA,"Fiddle-Pheno",5344,"https://prod.wildtrax.ca/media/aru/bc/76/f6/26-d110-4b56-b2d0-4d9924f323ee/5731106.flac"
